Date,18MF.DE
2017-01-02,4.305970191955566
2017-01-03,4.321969985961914
2017-01-04,4.3427300453186035
2017-01-05,4.224999904632568
2017-01-06,4.301330089569092
2017-01-09,4.289730072021484
2017-01-10,4.292600154876709
2017-01-11,4.3096699714660645
2017-01-12,4.163730144500732
2017-01-13,4.2695698738098145
2017-01-16,4.257299900054932
2017-01-17,4.164599895477295
2017-01-18,4.1861701011657715
2017-01-19,4.22307014465332
2017-01-20,4.206470012664795
2017-01-23,4.1144700050354
2017-01-24,4.148129940032959
2017-01-25,4.228630065917969
2017-01-26,4.311999797821045
2017-01-27,4.2700700759887695
2017-01-30,4.188729763031006
2017-01-31,4.0977702140808105
2017-02-01,4.159729957580566
2017-02-02,4.139570236206055
2017-02-03,4.211269855499268
2017-02-06,4.245570182800293
2017-02-07,4.283030033111572
2017-02-08,4.276199817657471
2017-02-09,4.358369827270508
2017-02-10,4.390369892120361
2017-02-13,4.47806978225708
2017-02-14,4.50806999206543
2017-02-15,4.551630020141602
2017-02-16,4.485799789428711
2017-02-17,4.521969795227051
2017-02-20,4.576099872589111
2017-02-21,4.662899971008301
2017-02-22,4.672699928283691
2017-02-23,4.632530212402344
2017-02-24,4.619029998779297
2017-02-27,4.6251301765441895
2017-02-28,4.626699924468994
2017-03-01,4.779729843139648
2017-03-02,4.777430057525635
2017-03-03,4.71737003326416
2017-03-06,4.666299819946289
2017-03-07,4.664030075073242
2017-03-08,4.6921000480651855
2017-03-09,4.6527299880981445
2017-03-10,4.601500034332275
2017-03-13,4.602869987487793
2017-03-14,4.587069988250732
2017-03-15,4.649330139160156
2017-03-16,4.579370021820068
2017-03-17,4.580999851226807
2017-03-20,4.557030200958252
2017-03-21,4.414400100708008
2017-03-22,4.39123010635376
2017-03-23,4.452229976654053
2017-03-24,4.404630184173584
2017-03-27,4.297130107879639
2017-03-28,4.363969802856445
2017-03-29,4.481400012969971
2017-03-30,4.544370174407959
2017-03-31,4.568069934844971
2017-04-03,4.5322699546813965
2017-04-04,4.557529926300049
2017-04-05,4.611130237579346
2017-04-06,4.5790300369262695
2017-04-07,4.593400001525879
2017-04-10,4.617070198059082
2017-04-11,4.532670021057129
2017-04-12,4.545000076293945
2017-04-13,4.550099849700928
2017-04-18,4.460969924926758
2017-04-19,4.492430210113525
2017-04-20,4.438570022583008
2017-04-21,4.5113301277160645
2017-04-24,4.446599960327148
2017-04-25,4.450900077819824
2017-04-26,4.537300109863281
2017-04-27,4.503970146179199
2017-04-28,4.467299938201904
2017-05-02,4.478000164031982
2017-05-03,4.4550299644470215
2017-05-04,4.449570178985596
2017-05-05,4.41903018951416
2017-05-08,4.488430023193359
2017-05-09,4.536630153656006
2017-05-10,4.542329788208008
2017-05-11,4.51039981842041
2017-05-12,4.475269794464111
2017-05-15,4.472529888153076
2017-05-16,4.385169982910156
2017-05-17,4.2322998046875
2017-05-18,4.224569797515869
2017-05-19,4.234230041503906
2017-05-22,4.2324700355529785
2017-05-23,4.254469871520996
2017-05-24,4.312399864196777
2017-05-25,4.326769828796387
2017-05-26,4.363770008087158
2017-05-29,4.372399806976318
2017-05-30,4.351369857788086
2017-05-31,4.288129806518555
2017-06-01,4.351799964904785
2017-06-02,4.363100051879883
2017-06-06,4.362269878387451
2017-06-07,4.370100021362305
2017-06-08,4.402329921722412
2017-06-09,4.467700004577637
2017-06-12,4.373970031738281
2017-06-13,4.41802978515625
2017-06-14,4.3711700439453125
2017-06-15,4.4390997886657715
2017-06-16,4.4037699699401855
2017-06-19,4.500500202178955
2017-06-20,4.514830112457275
2017-06-21,4.472970008850098
2017-06-22,4.478400230407715
2017-06-23,4.4408698081970215
2017-06-26,4.442729949951172
2017-06-27,4.365600109100342
2017-06-28,4.319469928741455
2017-06-29,4.197000026702881
2017-06-30,4.22613000869751
2017-07-03,4.316669940948486
2017-07-04,4.279699802398682
2017-07-05,4.289330005645752
2017-07-06,4.236030101776123
2017-07-07,4.226830005645752
2017-07-10,4.249499797821045
2017-07-11,4.192800045013428
2017-07-12,4.282400131225586
2017-07-13,4.3196702003479
2017-07-14,4.2874298095703125
2017-07-17,4.311729907989502
2017-07-18,4.2192702293396
2017-07-19,4.295629978179932
2017-07-20,4.228630065917969
2017-07-21,4.208099842071533
2017-07-24,4.209969997406006
2017-07-25,4.241829872131348
2017-07-26,4.255730152130127
2017-07-27,4.245429992675781
2017-07-28,4.130199909210205
2017-07-31,4.1186699867248535
2017-08-01,4.111199855804443
2017-08-02,4.0619001388549805
2017-08-03,4.054200172424316
2017-08-04,4.15546989440918
2017-08-07,4.121469974517822
2017-08-08,4.203330039978027
2017-08-09,4.128530025482178
2017-08-10,4.087600231170654
2017-08-11,4.016829967498779
2017-08-14,4.105130195617676
2017-08-15,4.142199993133545
2017-08-16,4.179699897766113
2017-08-17,4.097829818725586
2017-08-18,4.0312299728393555
2017-08-21,3.952699899673462
2017-08-22,4.053199768066406
2017-08-23,4.026770114898682
2017-08-24,3.9983699321746826
2017-08-25,3.9752299785614014
2017-08-28,3.9092700481414795
2017-08-29,3.858030080795288
2017-08-30,3.9749999046325684
2017-08-31,4.038400173187256
2017-09-01,4.086599826812744
2017-09-04,4.029799938201904
2017-09-05,4.0167999267578125
2017-09-06,3.990000009536743
2017-09-07,3.9391300678253174
2017-09-08,3.9435698986053467
2017-09-11,4.033899784088135
2017-09-12,4.080570220947266
2017-09-13,4.131430149078369
2017-09-14,4.149799823760986
2017-09-15,4.0970001220703125
2017-09-18,4.133900165557861
2017-09-19,4.122129917144775
2017-09-20,4.102799892425537
2017-09-21,4.1381001472473145
2017-09-22,4.0999298095703125
2017-09-25,4.162700176239014
2017-09-26,4.234169960021973
2017-09-27,4.254030227661133
2017-09-28,4.256229877471924
2017-09-29,4.259970188140869
2017-10-02,4.349969863891602
2017-10-03,4.349969863891602
2017-10-04,4.364870071411133
2017-10-05,4.443999767303467
2017-10-06,4.433730125427246
2017-10-09,4.42786979675293
2017-10-10,4.374929904937744
2017-10-11,4.356870174407959
2017-10-12,4.370369911193848
2017-10-13,4.376699924468994
2017-10-16,4.396770000457764
2017-10-17,4.438570022583008
2017-10-18,4.449170112609863
2017-10-19,4.371530055999756
2017-10-20,4.475069999694824
2017-10-23,4.514500141143799
2017-10-24,4.477570056915283
2017-10-25,4.3900299072265625
2017-10-26,4.5125298500061035
2017-10-27,4.654900074005127
2017-10-30,4.584770202636719
2017-10-31,4.584770202636719
2017-11-01,4.629030227661133
2017-11-02,4.588230133056641
2017-11-03,4.6557297706604
2017-11-06,4.681099891662598
2017-11-07,4.710269927978516
2017-11-08,4.677800178527832
2017-11-09,4.616330146789551
2017-11-10,4.59542989730835
2017-11-13,4.6089301109313965
2017-11-14,4.504429817199707
2017-11-15,4.466899871826172
2017-11-16,4.53016996383667
2017-11-17,4.507669925689697
2017-11-20,4.548900127410889
2017-11-21,4.613070011138916
2017-11-22,4.568429946899414
2017-11-23,4.529669761657715
2017-11-24,4.475930213928223
2017-11-27,4.47907018661499
2017-11-28,4.555469989776611
2017-11-29,4.618269920349121
2017-11-30,4.6286301612854
2017-12-01,4.5297698974609375
2017-12-04,4.720799922943115
2017-12-05,4.714069843292236
2017-12-06,4.686530113220215
2017-12-07,4.7100300788879395
2017-12-08,4.764430046081543
2017-12-11,4.764530181884766
2017-12-12,4.876999855041504
2017-12-13,4.838369846343994
2017-12-14,4.815800189971924
2017-12-15,4.862669944763184
2017-12-18,4.896599769592285
2017-12-19,4.870029926300049
2017-12-20,4.798069953918457
2017-12-21,4.829870223999023
2017-12-22,4.829070091247559
2017-12-27,4.799729824066162
2017-12-28,4.751969814300537
2017-12-29,4.75963020324707
2018-01-02,4.6953301429748535
2018-01-03,4.774670124053955
2018-01-04,4.797999858856201
2018-01-05,4.867330074310303
2018-01-08,4.943999767303467
2018-01-09,5.039330005645752
2018-01-10,4.961329936981201
2018-01-11,4.941999912261963
2018-01-12,4.953999996185303
2018-01-15,4.888669967651367
2018-01-16,4.927330017089844
2018-01-17,4.906000137329102
2018-01-18,4.920000076293945
2018-01-19,4.948669910430908
2018-01-22,4.982669830322266
2018-01-23,5.041329860687256
2018-01-24,4.946670055389404
2018-01-25,4.8813300132751465
2018-01-26,4.975329875946045
2018-01-29,5.057330131530762
2018-01-30,4.915329933166504
2018-01-31,4.874670028686523
2018-02-01,4.839330196380615
2018-02-02,4.7553300857543945
2018-02-05,4.630000114440918
2018-02-06,4.2446699142456055
2018-02-07,4.597330093383789
2018-02-08,4.409329891204834
2018-02-09,4.210000038146973
2018-02-12,4.35467004776001
2018-02-13,4.308000087738037
2018-02-14,4.3686699867248535
2018-02-15,4.420000076293945
2018-02-16,4.57466983795166
2018-02-19,4.564670085906982
2018-02-20,4.619329929351807
2018-02-21,4.660669803619385
2018-02-22,4.605329990386963
2018-02-23,4.623330116271973
2018-02-26,4.736000061035156
2018-02-27,4.814670085906982
2018-02-28,4.7513298988342285
2018-03-01,4.649330139160156
2018-03-02,4.410669803619385
2018-03-05,4.541999816894531
2018-03-06,4.521999835968018
2018-03-07,4.541999816894531
2018-03-08,4.6313300132751465
2018-03-09,4.765999794006348
2018-03-12,4.823999881744385
2018-03-13,4.735330104827881
2018-03-14,4.679999828338623
2018-03-15,4.7179999351501465
2018-03-16,4.753330230712891
2018-03-19,4.572000026702881
2018-03-20,4.644000053405762
2018-03-21,4.676670074462891
2018-03-22,4.486670017242432
2018-03-23,4.288000106811523
2018-03-26,4.168000221252441
2018-03-27,4.343329906463623
2018-03-28,4.214000225067139
2018-03-29,4.3126702308654785
2018-04-03,4.212669849395752
2018-04-04,4.230669975280762
2018-04-05,4.493330001831055
2018-04-06,4.339330196380615
2018-04-09,4.334670066833496
2018-04-10,4.375999927520752
2018-04-11,4.306000232696533
2018-04-12,4.40733003616333
2018-04-13,4.38932991027832
2018-04-16,4.388669967651367
2018-04-17,4.51800012588501
2018-04-18,4.527329921722412
2018-04-19,4.477330207824707
2018-04-20,4.467329978942871
2018-04-23,4.529329776763916
2018-04-24,4.487329959869385
2018-04-25,4.388669967651367
2018-04-26,4.532670021057129
2018-04-27,4.572000026702881
2018-04-30,4.613999843597412
2018-05-02,4.605999946594238
2018-05-03,4.453999996185303
2018-05-04,4.660669803619385
2018-05-07,4.748000144958496
2018-05-08,4.774670124053955
2018-05-09,4.808000087738037
2018-05-10,4.914000034332275
2018-05-11,4.915329933166504
2018-05-14,4.924670219421387
2018-05-15,4.9120001792907715
2018-05-16,4.999330043792725
2018-05-17,5.031330108642578
2018-05-18,5.02400016784668
2018-05-21,5.02400016784668
2018-05-22,5.084670066833496
2018-05-23,5.076670169830322
2018-05-24,5.070000171661377
2018-05-25,5.1519999504089355
2018-05-28,5.179999828338623
2018-05-29,5.148670196533203
2018-05-30,5.13332986831665
2018-05-31,5.1146697998046875
2018-06-01,5.170000076293945
2018-06-04,5.197329998016357
2018-06-05,5.208670139312744
2018-06-06,5.1953301429748535
2018-06-07,5.190000057220459
2018-06-08,5.22599983215332
2018-06-11,5.259329795837402
2018-06-12,5.274670124053955
2018-06-13,5.306000232696533
2018-06-14,5.40132999420166
2018-06-15,5.361330032348633
2018-06-18,5.387330055236816
2018-06-19,5.356669902801514
2018-06-20,5.4039998054504395
2018-06-21,5.341000080108643
2018-06-22,5.324329853057861
2018-06-25,5.089330196380615
2018-06-26,5.139669895172119
2018-06-27,5.249670028686523
2018-06-28,5.168330192565918
2018-06-29,5.210330009460449
2018-07-02,5.142000198364258
2018-07-03,5.194330215454102
2018-07-04,5.161670207977295
2018-07-05,5.135000228881836
2018-07-06,5.206669807434082
2018-07-09,5.293670177459717
2018-07-10,5.355669975280762
2018-07-11,5.31866979598999
2018-07-12,5.385670185089111
2018-07-13,5.461329936981201
2018-07-16,5.398670196533203
2018-07-17,5.4373297691345215
2018-07-18,5.522669792175293
2018-07-19,5.541329860687256
2018-07-20,5.4446702003479
2018-07-23,5.421999931335449
2018-07-24,5.503330230712891
2018-07-25,5.527329921722412
2018-07-26,5.597330093383789
2018-07-27,5.581329822540283
2018-07-30,5.421999931335449
2018-07-31,5.464670181274414
2018-08-01,5.495329856872559
2018-08-02,5.544000148773193
2018-08-03,5.6286702156066895
2018-08-06,5.714000225067139
2018-08-07,5.742000102996826
2018-08-08,5.735330104827881
2018-08-09,5.771999835968018
2018-08-10,5.858670234680176
2018-08-13,5.8173298835754395
2018-08-14,5.905330181121826
2018-08-15,5.8420000076293945
2018-08-16,5.900000095367432
2018-08-17,5.862669944763184
2018-08-20,5.891329765319824
2018-08-21,5.85467004776001
2018-08-22,5.780670166015625
2018-08-23,5.767330169677734
2018-08-24,5.788670063018799
2018-08-27,5.826000213623047
2018-08-28,5.788000106811523
2018-08-29,5.8726701736450195
2018-08-30,5.88932991027832
2018-08-31,5.906670093536377
2018-09-03,5.938000202178955
2018-09-04,5.939330101013184
2018-09-05,5.8126702308654785
2018-09-06,5.798669815063477
2018-09-07,5.869999885559082
2018-09-10,5.838669776916504
2018-09-11,5.8686699867248535
2018-09-12,5.853330135345459
2018-09-13,5.845330238342285
2018-09-14,5.895999908447266
2018-09-17,5.833330154418945
2018-09-18,5.854000091552734
2018-09-19,5.86667013168335
2018-09-20,5.880670070648193
2018-09-21,5.924670219421387
2018-09-24,5.814670085906982
2018-09-25,5.843329906463623
2018-09-26,5.863999843597412
2018-09-27,5.939330101013184
2018-09-28,5.978670120239258
2018-10-01,6.083330154418945
2018-10-02,6.070000171661377
2018-10-04,6.02400016784668
2018-10-05,5.955999851226807
2018-10-08,5.933330059051514
2018-10-09,5.983329772949219
2018-10-10,5.708000183105469
2018-10-11,5.3520002365112305
2018-10-12,5.379330158233643
2018-10-15,5.381999969482422
2018-10-16,5.473330020904541
2018-10-17,5.539330005645752
2018-10-18,5.501999855041504
2018-10-19,5.520669937133789
2018-10-22,5.471330165863037
2018-10-23,5.250669956207275
2018-10-24,5.3126702308654785
2018-10-25,5.317999839782715
2018-10-26,5.14532995223999
2018-10-29,5.1873297691345215
2018-10-30,5.14532995223999
2018-10-31,5.421999931335449
2018-11-01,5.405330181121826
2018-11-02,5.36067008972168
2018-11-05,5.390669822692871
2018-11-06,5.453330039978027
2018-11-07,5.578670024871826
2018-11-08,5.699999809265137
2018-11-09,5.665329933166504
2018-11-12,5.572000026702881
2018-11-13,5.572000026702881
2018-11-14,5.406670093536377
2018-11-15,5.36667013168335
2018-11-16,5.3773298263549805
2018-11-19,5.251999855041504
2018-11-20,5.103330135345459
2018-11-21,5.150670051574707
2018-11-22,5.014669895172119
2018-11-23,5.124670028686523
2018-11-26,5.177999973297119
2018-11-27,5.2779998779296875
2018-11-28,5.361330032348633
2018-11-29,5.429999828338623
2018-11-30,5.506669998168945
2018-12-03,5.648670196533203
2018-12-04,5.593329906463623
2018-12-05,5.353330135345459
2018-12-06,5.0613298416137695
2018-12-07,5.124000072479248
2018-12-10,4.900670051574707
2018-12-11,5.156670093536377
2018-12-12,5.198669910430908
2018-12-13,5.145999908447266
2018-12-14,5.073999881744385
2018-12-17,4.915999889373779
2018-12-18,4.773330211639404
2018-12-19,4.730000019073486
2018-12-20,4.441999912261963
2018-12-21,4.424670219421387
2018-12-27,4.274670124053955
2018-12-28,4.486000061035156
2019-01-02,4.556670188903809
2019-01-03,4.413330078125
2019-01-04,4.552000045776367
2019-01-07,4.649330139160156
2019-01-08,4.666669845581055
2019-01-09,4.720670223236084
2019-01-10,4.749330043792725
2019-01-11,4.788670063018799
2019-01-14,4.757329940795898
2019-01-15,4.876669883728027
2019-01-16,4.965330123901367
2019-01-17,4.978670120239258
2019-01-18,5.177999973297119
2019-01-21,5.138669967651367
2019-01-22,5.094669818878174
2019-01-23,5.007329940795898
2019-01-24,5.076000213623047
2019-01-25,5.130000114440918
2019-01-28,4.979330062866211
2019-01-29,5.003330230712891
2019-01-30,5.0920000076293945
2019-01-31,5.208670139312744
2019-02-01,5.239329814910889
2019-02-04,5.294000148773193
2019-02-05,5.396669864654541
2019-02-06,5.417329788208008
2019-02-07,5.28000020980835
2019-02-08,5.293330192565918
2019-02-11,5.427999973297119
2019-02-12,5.526669979095459
2019-02-13,5.593329906463623
2019-02-14,5.559329986572266
2019-02-15,5.680669784545898
2019-02-18,5.679999828338623
2019-02-19,5.655330181121826
2019-02-20,5.653329849243164
2019-02-21,5.649330139160156
2019-02-22,5.708670139312744
2019-02-25,5.778669834136963
2019-02-26,5.717329978942871
2019-02-27,5.674670219421387
2019-02-28,5.6786699295043945
2019-03-01,5.685999870300293
2019-03-04,5.748000144958496
2019-03-05,5.770669937133789
2019-03-06,5.693999767303467
2019-03-07,5.698669910430908
2019-03-08,5.593999862670898
2019-03-11,5.765999794006348
2019-03-12,5.774670124053955
2019-03-13,5.850669860839844
2019-03-14,5.849999904632568
2019-03-15,5.896669864654541
2019-03-18,5.872000217437744
2019-03-19,5.955999851226807
2019-03-20,5.800000190734863
2019-03-21,5.936669826507568
2019-03-22,5.850669860839844
2019-03-25,5.763329982757568
2019-03-26,5.875329971313477
2019-03-27,5.840000152587891
2019-03-28,5.902669906616211
2019-03-29,5.99399995803833
2019-04-01,6.133999824523926
2019-04-02,6.1886701583862305
2019-04-03,6.224669933319092
2019-04-04,6.199329853057861
2019-04-05,6.269999980926514
2019-04-08,6.2220001220703125
2019-04-09,6.179329872131348
2019-04-10,6.202670097351074
2019-04-11,6.224669933319092
2019-04-12,6.223999977111816
2019-04-15,6.236000061035156
2019-04-16,6.283999919891357
2019-04-17,6.233329772949219
2019-04-18,6.290669918060303
2019-04-23,6.459330081939697
2019-04-24,6.518670082092285
2019-04-25,6.546000003814697
2019-04-26,6.533329963684082
2019-04-29,6.575329780578613
2019-04-30,6.481329917907715
2019-05-02,6.420000076293945
2019-05-03,6.521329879760742
2019-05-06,6.4286699295043945
2019-05-07,6.311999797821045
2019-05-08,6.268670082092285
2019-05-09,6.061999797821045
2019-05-10,6.002669811248779
2019-05-13,5.927330017089844
2019-05-14,6.101329803466797
2019-05-15,6.125999927520752
2019-05-16,6.323329925537109
2019-05-17,6.296669960021973
2019-05-20,6.132669925689697
2019-05-21,6.229330062866211
2019-05-22,6.214000225067139
2019-05-23,6.035329818725586
2019-05-24,6.014669895172119
2019-05-27,6.039999961853027
2019-05-28,6.044670104980469
2019-05-29,5.890669822692871
2019-05-30,5.924670219421387
2019-05-31,5.83066987991333
2019-06-03,5.721330165863037
2019-06-04,5.822669982910156
2019-06-05,5.922669887542725
2019-06-06,5.960669994354248
2019-06-07,6.0879998207092285
2019-06-11,6.177330017089844
2019-06-12,6.1353302001953125
2019-06-13,6.205999851226807
2019-06-14,6.266670227050781
2019-06-17,6.283329963684082
2019-06-18,6.469329833984375
2019-06-19,6.411330223083496
2019-06-20,6.450669765472412
2019-06-21,6.493330001831055
2019-06-24,6.357329845428467
2019-06-25,6.289999961853027
2019-06-26,6.2386698722839355
2019-06-27,6.241330146789551
2019-06-28,6.291999816894531
2019-07-01,6.506669998168945
2019-07-02,6.507999897003174
2019-07-03,6.659329891204834
2019-07-04,6.698329925537109
2019-07-05,6.701670169830322
2019-07-08,6.666669845581055
2019-07-09,6.671669960021973
2019-07-10,6.699999809265137
2019-07-11,6.75
2019-07-12,6.773330211639404
2019-07-15,6.795000076293945
2019-07-16,6.846670150756836
2019-07-17,6.763329982757568
2019-07-18,6.678329944610596
2019-07-19,6.78000020980835
2019-07-22,6.708330154418945
2019-07-23,6.835000038146973
2019-07-24,6.914999961853027
2019-07-25,6.911670207977295
2019-07-26,7.021669864654541
2019-07-29,6.989999771118164
2019-07-30,6.946670055389404
2019-07-31,6.973330020904541
2019-08-01,7.046669960021973
2019-08-02,6.57466983795166
2019-08-05,6.234670162200928
2019-08-06,6.149330139160156
2019-08-07,6.1479997634887695
2019-08-08,6.447329998016357
2019-08-09,6.380670070648193
2019-08-12,6.303999900817871
2019-08-13,6.457330226898193
2019-08-14,6.264669895172119
2019-08-15,6.224669933319092
2019-08-16,6.415329933166504
2019-08-19,6.586669921875
2019-08-20,6.5586700439453125
2019-08-21,6.593329906463623
2019-08-22,6.5613298416137695
2019-08-23,6.3153300285339355
2019-08-26,6.322669982910156
2019-08-27,6.3773298263549805
2019-08-28,6.409329891204834
2019-08-29,6.608670234680176
2019-08-30,6.684999942779541
2019-09-02,6.684999942779541
2019-09-03,6.640669822692871
2019-09-04,6.684999942779541
2019-09-05,6.88332986831665
2019-09-06,6.894999980926514
2019-09-09,6.893330097198486
2019-09-10,6.789999961853027
2019-09-11,6.996669769287109
2019-09-12,7.028329849243164
2019-09-13,7.001669883728027
2019-09-16,7.023330211639404
2019-09-17,6.965000152587891
2019-09-18,6.943329811096191
2019-09-19,7.078330039978027
2019-09-20,7.083330154418945
2019-09-23,7.025000095367432
2019-09-24,6.981669902801514
2019-09-25,6.965000152587891
2019-09-26,6.980000019073486
2019-09-27,7.026669979095459
2019-09-30,7.056670188903809
2019-10-01,6.943329811096191
2019-10-02,6.550670146942139
2019-10-04,6.776669979095459
2019-10-07,6.840000152587891
2019-10-08,6.636000156402588
2019-10-09,6.665999889373779
2019-10-10,6.781670093536377
2019-10-11,6.951670169830322
2019-10-14,6.88332986831665
2019-10-15,6.978330135345459
2019-10-16,6.913330078125
2019-10-17,6.86667013168335
2019-10-18,6.813330173492432
2019-10-21,6.869999885559082
2019-10-22,6.90500020980835
2019-10-23,6.894999980926514
2019-10-24,6.96999979019165
2019-10-25,7.048329830169678
2019-10-28,7.101669788360596
2019-10-29,7.114999771118164
2019-10-30,7.058330059051514
2019-10-31,6.983329772949219
2019-11-01,7.110000133514404
2019-11-04,7.24167013168335
2019-11-05,7.316669940948486
2019-11-06,7.304999828338623
2019-11-07,7.440000057220459
2019-11-08,7.421669960021973
2019-11-11,7.393330097198486
2019-11-12,7.510000228881836
2019-11-13,7.486670017242432
2019-11-14,7.476669788360596
2019-11-15,7.548329830169678
2019-11-18,7.528329849243164
2019-11-19,7.533329963684082
2019-11-20,7.539999961853027
2019-11-21,7.463329792022705
2019-11-22,7.531670093536377
2019-11-25,7.691669940948486
2019-11-26,7.739999771118164
2019-11-27,7.798329830169678
2019-11-28,7.808330059051514
2019-11-29,7.760000228881836
2019-12-02,7.498330116271973
2019-12-03,7.338329792022705
2019-12-04,7.523330211639404
2019-12-05,7.468329906463623
2019-12-06,7.731669902801514
2019-12-09,7.678329944610596
2019-12-10,7.608329772949219
2019-12-11,7.606669902801514
2019-12-12,7.690000057220459
2019-12-13,7.673329830169678
2019-12-16,7.824999809265137
2019-12-17,7.793330192565918
2019-12-18,7.855000019073486
2019-12-19,7.880000114440918
2019-12-20,8.0600004196167
2019-12-23,8.050000190734863
2019-12-27,8.033329963684082
2019-12-30,7.976669788360596
2020-01-02,7.971670150756836
2020-01-03,7.998330116271973
2020-01-06,7.966670036315918
2020-01-07,8.081669807434082
2020-01-08,8.151670455932617
2020-01-09,8.295000076293945
2020-01-10,8.289999961853027
2020-01-13,8.268329620361328
2020-01-14,8.336669921875
2020-01-15,8.346670150756836
2020-01-16,8.418330192565918
2020-01-17,8.5649995803833
2020-01-20,8.583330154418945
2020-01-21,8.585000038146973
2020-01-22,8.609999656677246
2020-01-23,8.59000015258789
2020-01-24,8.636670112609863
2020-01-27,8.293330192565918
2020-01-28,8.476670265197754
2020-01-29,8.533329963684082
2020-01-30,8.3533296585083
2020-01-31,8.178330421447754
2020-02-03,8.273329734802246
2020-02-04,8.591670036315918
2020-02-05,8.731670379638672
2020-02-06,8.876669883728027
2020-02-07,8.895000457763672
2020-02-10,8.968330383300781
2020-02-11,9.093330383300781
2020-02-12,9.194999694824219
2020-02-13,9.303330421447754
2020-02-14,9.321669578552246
2020-02-17,9.388330459594727
2020-02-18,9.274999618530273
2020-02-19,9.491669654846191
2020-02-20,9.281669616699219
2020-02-21,9.140000343322754
2020-02-24,8.55167007446289
2020-02-25,8.239999771118164
2020-02-26,8.111669540405273
2020-02-27,7.386670112609863
2020-02-28,6.704999923706055
2020-03-02,6.996669769287109
2020-03-03,7.130000114440918
2020-03-04,7.201670169830322
2020-03-05,7.146669864654541
2020-03-06,6.457330226898193
2020-03-09,5.624000072479248
2020-03-10,5.5653300285339355
2020-03-11,5.656670093536377
2020-03-12,4.745329856872559
2020-03-13,4.8686699867248535
2020-03-16,4.66933012008667
2020-03-17,4.656000137329102
2020-03-18,4.206669807434082
2020-03-19,4.427999973297119
2020-03-20,4.398670196533203
2020-03-23,3.828000068664551
2020-03-24,4.440670013427734
2020-03-25,4.739999771118164
2020-03-26,4.902669906616211
2020-03-27,4.668670177459717
2020-03-30,4.893330097198486
2020-03-31,5.0653300285339355
2020-04-01,4.604000091552734
2020-04-02,4.679999828338623
2020-04-03,4.672669887542725
2020-04-06,5.078670024871826
2020-04-07,5.469329833984375
2020-04-08,5.467329978942871
2020-04-09,5.700669765472412
2020-04-14,5.789330005645752
2020-04-15,5.650000095367432
2020-04-16,5.816669940948486
2020-04-17,5.961329936981201
2020-04-20,6.095330238342285
2020-04-21,5.5320000648498535
2020-04-22,5.802670001983643
2020-04-23,5.978000164031982
2020-04-24,5.89532995223999
2020-04-27,6.148670196533203
2020-04-28,6.203999996185303
2020-04-29,6.394670009613037
2020-04-30,6.200669765472412
2020-05-04,5.846670150756836
2020-05-05,6.226669788360596
2020-05-06,6.176000118255615
2020-05-07,6.299330234527588
2020-05-08,6.357999801635742
2020-05-11,6.435329914093018
2020-05-12,6.392000198364258
2020-05-13,6.003330230712891
2020-05-14,5.936669826507568
2020-05-15,6.021329879760742
2020-05-18,6.466000080108643
2020-05-19,6.440670013427734
2020-05-20,6.452670097351074
2020-05-21,6.366000175476074
2020-05-22,6.399330139160156
2020-05-25,6.642000198364258
2020-05-26,6.603330135345459
2020-05-27,6.541999816894531
2020-05-28,6.706669807434082
2020-05-29,6.462669849395752
2020-06-02,6.608670234680176
2020-06-03,6.793330192565918
2020-06-04,6.65733003616333
2020-06-05,7.074999809265137
2020-06-08,7.086669921875
2020-06-09,7.005000114440918
2020-06-10,6.941669940948486
2020-06-11,6.471330165863037
2020-06-12,6.397329807281494
2020-06-15,6.276669979095459
2020-06-16,6.74167013168335
2020-06-17,6.816669940948486
2020-06-18,6.766670227050781
2020-06-19,6.893330097198486
2020-06-22,6.676670074462891
2020-06-23,6.809999942779541
2020-06-24,6.461329936981201
2020-06-25,6.477330207824707
2020-06-26,6.42533016204834
2020-06-29,6.446670055389404
2020-06-30,6.579999923706055
2020-07-01,6.701670169830322
2020-07-02,6.88332986831665
2020-07-03,6.806670188903809
2020-07-06,6.981669902801514
2020-07-07,6.986670017242432
2020-07-08,6.821670055389404
2020-07-09,6.781670093536377
2020-07-10,6.911670207977295
2020-07-13,7.166669845581055
2020-07-14,6.821670055389404
2020-07-15,7.031670093536377
2020-07-16,6.943329811096191
2020-07-17,7.014999866485596
2020-07-20,7.083330154418945
2020-07-21,7.199999809265137
2020-07-22,7.028329849243164
2020-07-23,7.050000190734863
2020-07-24,6.763329982757568
2020-07-27,6.6273298263549805
2020-07-28,6.751669883728027
2020-07-29,6.731669902801514
2020-07-30,6.678329944610596
2020-07-31,6.6620001792907715
2020-08-03,6.983329772949219
2020-08-04,6.968329906463623
2020-08-05,6.931670188903809
2020-08-06,6.973330020904541
2020-08-07,7.131669998168945
2020-08-10,7.15500020980835
2020-08-11,7.24167013168335
2020-08-12,7.238329887390137
2020-08-13,7.223330020904541
2020-08-14,7.201670169830322
2020-08-17,7.198329925537109
2020-08-18,7.158329963684082
2020-08-19,7.235000133514404
2020-08-20,7.215000152587891
2020-08-21,7.343329906463623
2020-08-24,7.448329925537109
2020-08-25,7.480000019073486
2020-08-26,7.603330135345459
2020-08-27,7.796669960021973
2020-08-28,7.668330192565918
2020-08-31,7.639999866485596
2020-09-01,7.71999979019165
2020-09-02,7.986670017242432
2020-09-03,7.648330211639404
2020-09-04,7.243330001831055
2020-09-07,7.473330020904541
2020-09-08,7.159999847412109
2020-09-09,7.311669826507568
2020-09-10,7.269999980926514
2020-09-11,7.068329811096191
2020-09-14,7.239999771118164
2020-09-15,7.376669883728027
2020-09-16,7.408329963684082
2020-09-17,7.179999828338623
2020-09-18,7.018330097198486
2020-09-21,6.756669998168945
2020-09-22,6.985000133514404
2020-09-23,7.085000038146973
2020-09-24,6.90500020980835
2020-09-25,7.033329963684082
2020-09-28,7.348330020904541
2020-09-29,7.213329792022705
2020-09-30,7.358329772949219
2020-10-01,7.393330097198486
2020-10-02,7.263329982757568
2020-10-05,7.394999980926514
2020-10-06,7.445000171661377
2020-10-07,7.474999904632568
2020-10-08,7.613329887390137
2020-10-09,7.688330173492432
2020-10-12,7.963329792022705
2020-10-13,8.053330421447754
2020-10-14,7.963329792022705
2020-10-15,7.833330154418945
2020-10-16,7.973330020904541
2020-10-19,7.78000020980835
2020-10-20,7.570000171661377
2020-10-21,7.518330097198486
2020-10-22,7.506669998168945
2020-10-23,7.546669960021973
2020-10-26,7.318329811096191
2020-10-27,7.363329887390137
2020-10-28,7.026669979095459
2020-10-29,7.158329963684082
2020-10-30,6.986670017242432
2020-11-02,7.195000171661377
2020-11-03,7.409999847412109
2020-11-04,7.816669940948486
2020-11-05,7.916669845581055
2020-11-06,7.806670188903809
2020-11-09,8.313329696655273
2020-11-10,7.949999809265137
2020-11-11,8.211669921875
2020-11-12,8.079999923706055
2020-11-13,8.063329696655273
2020-11-16,8.318329811096191
2020-11-17,8.229999542236328
2020-11-18,8.28499984741211
2020-11-19,8.078330039978027
2020-11-20,8.156669616699219
2020-11-23,8.111669540405273
2020-11-24,8.356670379638672
2020-11-25,8.313329696655273
2020-11-26,8.336669921875
2020-11-27,8.313329696655273
2020-11-30,8.173330307006836
2020-12-01,8.348329544067383
2020-12-02,8.229999542236328
2020-12-03,8.229999542236328
2020-12-04,8.32332992553711
2020-12-07,8.348329544067383
2020-12-08,8.40999984741211
2020-12-09,8.4350004196167
2020-12-10,8.295000076293945
2020-12-11,8.168330192565918
2020-12-14,8.288330078125
2020-12-15,8.239999771118164
2020-12-16,8.363329887390137
2020-12-17,8.345000267028809
2020-12-18,8.3149995803833
2020-12-21,8.180000305175781
2020-12-22,8.341670036315918
2020-12-23,8.399999618530273
2020-12-28,8.483329772949219
2020-12-29,8.441670417785645
2020-12-30,8.398329734802246
2021-01-04,8.238329887390137
2021-01-05,8.270000457763672
2021-01-06,8.510000228881836
2021-01-07,8.6899995803833
2021-01-08,8.766670227050781
2021-01-11,8.899999618530273
2021-01-12,8.869999885559082
2021-01-13,8.913330078125
2021-01-14,8.961669921875
2021-01-15,8.841670036315918
2021-01-18,8.868330001831055
2021-01-19,8.848329544067383
2021-01-20,9.131669998168945
2021-01-21,9.138330459594727
2021-01-22,9.029999732971191
2021-01-25,9.029999732971191
2021-01-26,9.104999542236328
2021-01-27,8.866669654846191
2021-01-28,8.938329696655273
2021-01-29,8.563329696655273
2021-02-01,8.774999618530273
2021-02-02,9.216670036315918
2021-02-03,9.206669807434082
2021-02-04,9.411669731140137
2021-02-05,9.483329772949219
2021-02-08,9.5216703414917
2021-02-09,9.513330459594727
2021-02-10,9.4350004196167
2021-02-11,9.520000457763672
2021-02-12,9.561670303344727
2021-02-15,9.701669692993164
2021-02-16,9.631669998168945
2021-02-17,9.563329696655273
2021-02-18,9.484999656677246
2021-02-19,9.5600004196167
2021-02-22,9.30167007446289
2021-02-23,9.114999771118164
2021-02-24,9.358329772949219
2021-02-25,9.131669998168945
2021-02-26,9.091670036315918
2021-03-01,9.430000305175781
2021-03-02,9.3100004196167
2021-03-03,9.21500015258789
2021-03-04,9.041669845581055
2021-03-05,8.791669845581055
2021-03-08,9.473329544067383
2021-03-09,9.543330192565918
2021-03-10,9.600000381469727
2021-03-11,9.766670227050781
2021-03-12,9.640000343322754
2021-03-15,9.773329734802246
2021-03-16,9.975000381469727
2021-03-17,9.819999694824219
2021-03-18,9.841670036315918
2021-03-19,9.694999694824219
2021-03-22,9.763330459594727
2021-03-23,9.858329772949219
2021-03-24,9.851670265197754
2021-03-25,9.731670379638672
2021-03-26,9.925000190734863
2021-03-29,10.03499984741211
2021-03-30,10.141670227050781
2021-03-31,10.263330459594727
2021-04-01,10.341670036315918
2021-04-06,10.598329544067383
2021-04-07,10.479999542236328
2021-04-08,10.566670417785645
2021-04-09,10.648329734802246
2021-04-12,10.688329696655273
2021-04-13,10.738329887390137
2021-04-14,10.720000267028809
2021-04-15,10.835000038146973
2021-04-16,10.875
2021-04-19,10.703330039978027
2021-04-20,10.476670265197754
2021-04-21,10.656669616699219
2021-04-22,10.8149995803833
2021-04-23,10.7283296585083
2021-04-26,10.789999961853027
2021-04-27,10.80167007446289
2021-04-28,10.756669998168945
2021-04-29,10.721670150756836
2021-04-30,10.819999694824219
2021-05-03,10.845000267028809
2021-05-04,10.563329696655273
2021-05-05,10.8100004196167
2021-05-06,10.649999618530273
2021-05-07,10.793330192565918
2021-05-10,10.67667007446289
2021-05-11,10.350000381469727
2021-05-12,10.206669807434082
2021-05-13,10.296669960021973
2021-05-14,10.44832992553711
2021-05-17,10.381669998168945
2021-05-18,10.311670303344727
2021-05-19,9.908329963684082
2021-05-20,10.351670265197754
2021-05-21,10.458330154418945
2021-05-25,10.441670417785645
2021-05-26,10.523329734802246
2021-05-27,10.593330383300781
2021-05-28,10.645000457763672
2021-05-31,10.528329849243164
2021-06-01,10.553330421447754
2021-06-02,10.635000228881836
2021-06-03,10.664999961853027
2021-06-04,10.720000267028809
2021-06-07,10.666669845581055
2021-06-08,10.683329582214355
2021-06-09,10.781669616699219
2021-06-10,10.846670150756836
2021-06-11,10.971670150756836
2021-06-14,10.936670303344727
2021-06-15,10.9350004196167
2021-06-16,10.983329772949219
2021-06-17,11.268329620361328
2021-06-18,11.140000343322754
2021-06-21,11.234999656677246
2021-06-22,11.390000343322754
2021-06-23,11.350000381469727
2021-06-24,11.49666976928711
2021-06-25,11.536669731140137
2021-06-28,11.574999809265137
2021-06-29,11.710000038146973
2021-06-30,11.8149995803833
2021-07-01,11.866669654846191
2021-07-02,12.029999732971191
2021-07-05,12.096670150756836
2021-07-06,12.056670188903809
2021-07-07,12.223329544067383
2021-07-08,11.911669731140137
2021-07-09,12.156669616699219
2021-07-12,12.223329544067383
2021-07-13,12.391670227050781
2021-07-14,12.258330345153809
2021-07-15,12.239999771118164
2021-07-16,12.153329849243164
2021-07-19,11.7283296585083
2021-07-20,12.091670036315918
2021-07-21,12.211669921875
2021-07-22,12.333330154418945
2021-07-23,12.630000114440918
2021-07-26,12.598329544067383
2021-07-27,12.32332992553711
2021-07-28,12.516670227050781
2021-07-29,12.476670265197754
2021-07-30,12.368330001831055
2021-08-02,12.408329963684082
2021-08-03,12.346670150756836
2021-08-04,12.460000038146973
2021-08-05,12.566670417785645
2021-08-06,12.761670112609863
2021-08-09,12.800000190734863
2021-08-10,12.890000343322754
2021-08-11,12.854999542236328
2021-08-12,12.914999961853027
2021-08-13,12.864999771118164
2021-08-16,12.808329582214355
2021-08-17,12.9399995803833
2021-08-18,12.921669960021973
2021-08-19,12.699999809265137
2021-08-20,12.931670188903809
2021-08-23,13.100000381469727
2021-08-24,13.116669654846191
2021-08-25,13.151670455932617
2021-08-26,13.045000076293945
2021-08-27,13.131669998168945
2021-08-30,13.300000190734863
2021-08-31,13.24666976928711
2021-09-01,13.158329963684082
2021-09-02,13.199999809265137
2021-09-03,13.12833023071289
2021-09-06,13.234999656677246
2021-09-07,13.111669540405273
2021-09-08,13.074999809265137
2021-09-09,13.133330345153809
2021-09-10,12.943329811096191
2021-09-13,12.835000038146973
2021-09-14,12.805000305175781
2021-09-15,12.779999732971191
2021-09-16,12.903329849243164
2021-09-17,12.885000228881836
2021-09-20,12.421669960021973
2021-09-21,12.574999809265137
2021-09-22,12.683329582214355
2021-09-23,12.949999809265137
2021-09-24,12.946669578552246
2021-09-27,12.99666976928711
2021-09-28,12.520000457763672
2021-09-29,12.693329811096191
2021-09-30,12.649999618530273
2021-10-01,12.494999885559082
2021-10-04,12.163330078125
2021-10-05,12.640000343322754
2021-10-06,12.488329887390137
2021-10-07,13.123330116271973
2021-10-08,12.960000038146973
2021-10-11,13.023329734802246
2021-10-12,12.805000305175781
2021-10-13,12.651670455932617
2021-10-14,13.133330345153809
2021-10-15,13.343330383300781
2021-10-18,13.395000457763672
2021-10-19,13.548330307006836
2021-10-20,13.648329734802246
2021-10-21,13.638330459594727
2021-10-22,13.670000076293945
2021-10-25,13.87166976928711
2021-10-26,14.098329544067383
2021-10-27,13.966670036315918
2021-10-28,13.854999542236328
2021-10-29,14.1850004196167
2021-11-01,14.196669578552246
2021-11-02,14.348329544067383
2021-11-03,14.32332992553711
2021-11-04,14.688329696655273
2021-11-05,14.861669540405273
2021-11-08,14.778329849243164
2021-11-09,14.675000190734863
2021-11-10,14.805000305175781
2021-11-11,14.808329582214355
2021-11-12,14.998330116271973
2021-11-15,15.126669883728027
2021-11-16,15.479999542236328
2021-11-17,15.456669807434082
2021-11-18,15.348329544067383
2021-11-19,15.53499984741211
2021-11-22,15.756669998168945
2021-11-23,15.291669845581055
2021-11-24,15.663330078125
2021-11-25,15.748330116271973
2021-11-26,14.718330383300781
2021-11-29,15.158329963684082
2021-11-30,14.756669998168945
2021-12-01,14.881669998168945
2021-12-02,14.381669998168945
2021-12-03,14.278329849243164
2021-12-06,14.611669540405273
2021-12-07,15.418330192565918
2021-12-08,15.148329734802246
2021-12-09,15.328330039978027
2021-12-10,15.133330345153809
2021-12-13,15.140000343322754
2021-12-14,14.818329811096191
2021-12-15,14.798330307006836
2021-12-16,15.239999771118164
2021-12-17,14.961669921875
2021-12-20,14.226670265197754
2021-12-21,14.751669883728027
2021-12-22,15.116669654846191
2021-12-23,15.446669578552246
2021-12-27,15.645000457763672
2021-12-28,15.811670303344727
2021-12-29,15.6850004196167
2021-12-30,15.805000305175781
2022-01-03,15.6899995803833
2022-01-04,15.821669578552246
2022-01-05,15.651670455932617
2022-01-06,15.136670112609863
2022-01-07,14.891670227050781
2022-01-10,14.446669578552246
2022-01-11,14.886670112609863
2022-01-12,14.966670036315918
2022-01-13,14.824999809265137
2022-01-14,14.358329772949219
2022-01-17,14.606670379638672
2022-01-18,14.268329620361328
2022-01-19,14.069999694824219
2022-01-20,14.326669692993164
2022-01-21,13.596670150756836
2022-01-24,12.423330307006836
2022-01-25,12.703330039978027
2022-01-26,13.32332992553711
2022-01-27,13.5216703414917
2022-01-28,13.243330001831055
2022-01-31,13.800000190734863
2022-02-01,14.050000190734863
2022-02-02,14.111669540405273
2022-02-03,13.576669692993164
2022-02-04,13.3100004196167
2022-02-07,13.421669960021973
2022-02-08,13.569999694824219
2022-02-09,13.931670188903809
2022-02-10,13.744999885559082
2022-02-11,13.476670265197754
2022-02-14,13.256669998168945
2022-02-15,13.458330154418945
2022-02-16,13.295000076293945
2022-02-17,13.173330307006836
2022-02-18,12.816670417785645
2022-02-21,12.511670112609863
2022-02-22,12.591670036315918
2022-02-23,12.420000076293945
2022-02-24,12.180000305175781
2022-02-25,13.028329849243164
2022-02-28,13.243330001831055
2022-03-01,13.12166976928711
2022-03-02,13.441670417785645
2022-03-03,13.494999885559082
2022-03-04,13.329999923706055
2022-03-07,13.261670112609863
2022-03-08,12.626669883728027
2022-03-09,12.816670417785645
2022-03-10,12.618330001831055
2022-03-11,12.986669540405273
2022-03-14,12.531669616699219
2022-03-15,12.901670455932617
2022-03-16,13.324999809265137
2022-03-17,13.383330345153809
2022-03-18,13.866669654846191
2022-03-21,14.026670455932617
2022-03-22,14.441670417785645
2022-03-23,14.390000343322754
2022-03-24,14.380000114440918
2022-03-25,14.576669692993164
2022-03-28,14.718330383300781
2022-03-29,14.908329963684082
2022-03-30,14.779999732971191
2022-03-31,14.78499984741211
2022-04-01,14.545000076293945
2022-04-04,14.946669578552246
2022-04-05,15.053330421447754
2022-04-06,14.470000267028809
2022-04-07,14.449999809265137
2022-04-08,14.791669845581055
2022-04-11,14.328330039978027
2022-04-12,14.510000228881836
2022-04-13,14.358329772949219
2022-04-14,14.506669998168945
2022-04-19,14.640000343322754
2022-04-20,14.618330001831055
2022-04-21,14.601670265197754
2022-04-22,13.8533296585083
2022-04-25,13.391670227050781
2022-04-26,13.398329734802246
2022-04-27,13.693329811096191
2022-04-28,13.783329963684082
2022-04-29,13.770000457763672
2022-05-02,13.098329544067383
2022-05-03,13.515000343322754
2022-05-04,13.180000305175781
2022-05-05,13.433329582214355
2022-05-06,12.906669616699219
2022-05-09,12.265000343322754
2022-05-10,11.993330001831055
2022-05-11,12.295000076293945
2022-05-12,12.026670455932617
2022-05-13,12.635000228881836
2022-05-16,12.449999809265137
2022-05-17,12.569999694824219
2022-05-18,12.12833023071289
2022-05-19,11.57332992553711
2022-05-20,11.395000457763672
2022-05-23,11.67667007446289
2022-05-24,11.03499984741211
2022-05-25,11.533329963684082
2022-05-26,11.984999656677246
2022-05-27,12.528329849243164
2022-05-30,12.718330383300781
2022-05-31,12.476670265197754
2022-06-01,12.430000305175781
2022-06-02,12.444999694824219
2022-06-03,12.420000076293945
2022-06-06,12.641670227050781
2022-06-07,12.543330192565918
2022-06-08,12.6850004196167
2022-06-09,12.46500015258789
2022-06-10,11.616669654846191
2022-06-13,11.041669845581055
2022-06-14,10.876669883728027
2022-06-15,11.045000076293945
2022-06-16,10.268329620361328
2022-06-17,10.343330383300781
2022-06-20,10.441670417785645
2022-06-21,10.699999809265137
2022-06-22,10.751669883728027
2022-06-23,10.824999809265137
2022-06-24,11.395000457763672
2022-06-27,11.4783296585083
2022-06-28,11.386670112609863
2022-06-29,11.180000305175781
2022-06-30,10.954999923706055
2022-07-01,11.114999771118164
2022-07-04,11.220000267028809
2022-07-05,11.274999618530273
2022-07-06,11.828330039978027
2022-07-07,12.305000305175781
2022-07-08,12.438329696655273
2022-07-11,12.328330039978027
2022-07-12,12.3533296585083
2022-07-13,11.928330421447754
2022-07-14,11.75
2022-07-15,12.258330345153809
2022-07-18,12.321669578552246
2022-07-19,12.251669883728027
2022-07-20,12.718330383300781
2022-07-21,12.761670112609863
2022-07-22,12.69832992553711
2022-07-25,12.681670188903809
2022-07-26,12.604999542236328
2022-07-27,12.898329734802246
2022-07-28,13.291669845581055
2022-07-29,13.523329734802246
2022-08-01,13.585000038146973
2022-08-02,13.643329620361328
2022-08-03,14.006669998168945
2022-08-04,13.863329887390137
2022-08-05,13.861669540405273
2022-08-08,14.045000076293945
2022-08-09,13.726670265197754
2022-08-10,13.938329696655273
2022-08-11,14.166669845581055
2022-08-12,14.473329544067383
2022-08-15,14.82332992553711
2022-08-16,15.053330421447754
2022-08-17,14.795000076293945
2022-08-18,15.05167007446289
2022-08-19,14.875
2022-08-22,14.710000038146973
2022-08-23,14.425000190734863
2022-08-24,14.553330421447754
2022-08-25,14.67667007446289
2022-08-26,14.244999885559082
2022-08-29,13.681670188903809
2022-08-30,13.326669692993164
2022-08-31,13.156669616699219
2022-09-01,13.055000305175781
2022-09-02,13.443329811096191
2022-09-05,13.203330039978027
2022-09-06,13.191670417785645
2022-09-07,13.166669845581055
2022-09-08,13.595000267028809
2022-09-09,13.741669654846191
2022-09-12,13.858329772949219
2022-09-13,13.328330039978027
2022-09-14,13.096670150756836
2022-09-15,12.943329811096191
2022-09-16,12.421669960021973
2022-09-19,12.515000343322754
2022-09-20,12.546669960021973
2022-09-21,12.8966703414917
2022-09-22,12.239999771118164
2022-09-23,12.046669960021973
2022-09-26,12.21500015258789
2022-09-27,12.171669960021973
2022-09-28,12.231670379638672
2022-09-29,11.583330154418945
2022-09-30,11.6850004196167
2022-10-03,11.574999809265137
2022-10-04,12.043330192565918
2022-10-05,12.036669731140137
2022-10-06,12.34000015258789
2022-10-07,11.755000114440918
2022-10-10,11.609999656677246
2022-10-11,11.468330383300781
2022-10-12,11.425000190734863
2022-10-13,11.441670417785645
2022-10-14,11.498330116271973
2022-10-17,11.67667007446289
2022-10-18,11.739999771118164
2022-10-19,11.891670227050781
2022-10-20,11.925000190734863
2022-10-21,11.808329582214355
2022-10-24,12.136670112609863
2022-10-25,12.350000381469727
2022-10-26,12.341670036315918
2022-10-27,12.24666976928711
2022-10-28,12.513330459594727
2022-10-31,12.748330116271973
2022-11-01,12.673330307006836
2022-11-02,12.46500015258789
2022-11-03,12.143329620361328
2022-11-04,11.691670417785645
2022-11-07,11.866669654846191
2022-11-08,12.118330001831055
2022-11-09,11.795000076293945
2022-11-10,12.305000305175781
2022-11-11,12.166669845581055
2022-11-14,12.313329696655273
2022-11-15,12.411669731140137
2022-11-16,12.05167007446289
2022-11-17,11.903329849243164
2022-11-18,12.081669807434082
2022-11-21,12.221670150756836
2022-11-22,12.345000267028809
2022-11-23,12.428330421447754
2022-11-24,12.420000076293945
2022-11-25,12.383330345153809
2022-11-28,12.186670303344727
2022-11-29,11.981670379638672
2022-11-30,12.135000228881836
2022-12-01,12.408329963684082
2022-12-02,12.268329620361328
2022-12-05,12.053330421447754
2022-12-06,11.651670455932617
2022-12-07,11.5216703414917
2022-12-08,11.574999809265137
2022-12-09,11.651670455932617
2022-12-12,11.574999809265137
2022-12-13,11.944999694824219
2022-12-14,11.868330001831055
2022-12-15,11.0216703414917
2022-12-16,10.818329811096191
2022-12-19,10.678330421447754
2022-12-20,10.571669578552246
2022-12-21,11.00333023071289
2022-12-22,10.614999771118164
2022-12-23,10.673330307006836
2022-12-27,10.638330459594727
2022-12-28,10.5216703414917
2022-12-29,10.678330421447754
2022-12-30,10.5216703414917
2023-01-02,11.005000114440918
2023-01-03,10.69832992553711
2023-01-04,10.890000343322754
2023-01-05,10.743330001831055
2023-01-06,10.90999984741211
2023-01-09,11.050000190734863
2023-01-10,10.763330459594727
2023-01-11,11.008330345153809
2023-01-12,11.038330078125
2023-01-13,11.069999694824219
2023-01-16,11.1850004196167
2023-01-17,11.223329544067383
2023-01-18,11.015000343322754
2023-01-19,10.6466703414917
2023-01-20,10.816670417785645
2023-01-23,11.256669998168945
2023-01-24,11.1850004196167
2023-01-25,10.9350004196167
2023-01-26,11.293330192565918
2023-01-27,11.548330307006836
2023-01-30,11.398329734802246
2023-01-31,11.398329734802246
2023-02-01,11.390000343322754
2023-02-02,12.098329544067383
2023-02-03,12.266670227050781
2023-02-06,12.135000228881836
2023-02-07,12.175000190734863
2023-02-08,12.12166976928711
2023-02-09,12.100000381469727
2023-02-10,11.979999542236328
2023-02-13,12.148329734802246
2023-02-14,12.024999618530273
2023-02-15,12.306670188903809
2023-02-16,12.261670112609863
2023-02-17,11.873330116271973
2023-02-20,11.913330078125
2023-02-21,11.640000343322754
2023-02-22,11.645000457763672
2023-02-23,11.630000114440918
2023-02-24,11.561670303344727
2023-02-27,11.649999618530273
2023-02-28,11.57332992553711
2023-03-01,11.278329849243164
2023-03-02,11.354999542236328
2023-03-03,11.796669960021973
2023-03-06,11.943329811096191
2023-03-07,11.800000190734863
2023-03-08,11.696669578552246
2023-03-09,11.699999809265137
2023-03-10,11.145000457763672
2023-03-13,10.649999618530273
2023-03-14,10.966670036315918
2023-03-15,10.921669960021973
2023-03-16,11.223329544067383
2023-03-17,11.033329963684082
2023-03-20,10.993330001831055
2023-03-21,11.183329582214355
2023-03-22,11.211669921875
2023-03-23,10.960000038146973
2023-03-24,10.94832992553711
2023-03-27,11.118330001831055
2023-03-28,10.946669578552246
2023-03-29,11.15999984741211
2023-03-30,11.251669883728027
2023-03-31,11.531669616699219
2023-04-03,11.595000267028809
2023-04-04,11.430000305175781
2023-04-05,11.393329620361328
2023-04-06,11.388330459594727
2023-04-11,11.53499984741211
2023-04-12,11.395000457763672
2023-04-13,11.300000190734863
2023-04-14,11.498330116271973
2023-04-17,11.640000343322754
2023-04-18,11.651670455932617
2023-04-19,11.630000114440918
2023-04-20,11.524999618530273
2023-04-21,11.479999542236328
2023-04-24,11.363329887390137
2023-04-25,11.335000038146973
2023-04-26,11.066670417785645
2023-04-27,11.211669921875
2023-04-28,11.451669692993164
2023-05-02,11.236669540405273
2023-05-03,11.24666976928711
2023-05-04,11.008330345153809
2023-05-05,11.319999694824219
2023-05-08,11.385000228881836
2023-05-09,11.493330001831055
2023-05-10,11.4783296585083
2023-05-11,11.586669921875
2023-05-12,11.640000343322754
2023-05-15,11.681670188903809
2023-05-16,11.663330078125
2023-05-17,11.770000457763672
2023-05-18,12.191670417785645
2023-05-19,12.133330345153809
2023-05-22,12.251669883728027
2023-05-23,12.225000381469727
2023-05-24,11.8533296585083
2023-05-25,12.05167007446289
2023-05-26,12.431670188903809
2023-05-29,12.5600004196167
2023-05-30,12.488329887390137
2023-05-31,12.386670112609863
2023-06-01,12.443329811096191
2023-06-02,12.899999618530273
2023-06-05,13.024999618530273
2023-06-06,13.008330345153809
2023-06-07,12.991669654846191
2023-06-08,12.82332992553711
2023-06-09,12.971670150756836
2023-06-12,13.050000190734863
2023-06-13,13.300000190734863
2023-06-14,13.276670455932617
2023-06-15,13.19832992553711
2023-06-16,13.300000190734863
2023-06-19,13.17667007446289
2023-06-20,13.076669692993164
2023-06-21,12.908329963684082
2023-06-22,12.883330345153809
2023-06-23,12.936670303344727
2023-06-26,12.843330383300781
2023-06-27,12.806670188903809
2023-06-28,13.068329811096191
2023-06-29,13.193329811096191
2023-06-30,13.406669616699219
2023-07-03,13.493330001831055
2023-07-04,13.536669731140137
2023-07-05,13.566670417785645
2023-07-06,13.196669578552246
2023-07-07,13.158329963684082
2023-07-10,13.023329734802246
2023-07-11,13.108329772949219
2023-07-12,13.168330192565918
2023-07-13,13.095000267028809
2023-07-14,13.131669998168945
2023-07-17,13.143329620361328
2023-07-18,13.273329734802246
2023-07-19,13.571669578552246
2023-07-20,13.561670303344727
2023-07-21,13.593330383300781
2023-07-24,13.699999809265137
2023-07-25,13.848329544067383
2023-07-26,13.736669540405273
2023-07-27,14.135000228881836
2023-07-28,14.024999618530273
2023-07-31,14.029999732971191
2023-08-01,14.113329887390137
2023-08-02,13.859999656677246
2023-08-03,13.71500015258789
2023-08-04,13.62833023071289
2023-08-07,13.526670455932617
2023-08-08,13.466670036315918
2023-08-09,13.408329963684082
2023-08-10,13.505000114440918
2023-08-11,13.361669540405273
2023-08-14,13.585000038146973
2023-08-15,13.444999694824219
2023-08-16,13.401670455932617
2023-08-17,13.213330268859863
2023-08-18,12.984999656677246
2023-08-21,13.00333023071289
2023-08-22,13.279999732971191
2023-08-23,13.430000305175781
2023-08-24,13.358329772949219
2023-08-25,13.351670265197754
2023-08-28,13.50333023071289
2023-08-29,13.773329734802246
2023-08-30,13.770000457763672
2023-08-31,14.046669960021973
2023-09-01,14.133330345153809
2023-09-04,14.131669998168945
2023-09-05,14.28499984741211
2023-09-06,14.008330345153809
2023-09-07,13.9783296585083
2023-09-08,14.076669692993164
2023-09-11,14.016670227050781
2023-09-12,14.045000076293945
2023-09-13,14.05167007446289
2023-09-14,14.338330268859863
2023-09-15,14.123330116271973
2023-09-18,14.050000190734863
2023-09-19,13.843330383300781
2023-09-20,13.918330192565918
2023-09-21,13.479999542236328
2023-09-22,13.44832992553711
2023-09-25,13.456669807434082
2023-09-26,13.223329544067383
2023-09-27,13.298330307006836
2023-09-28,13.376669883728027
2023-09-29,13.404999732971191
2023-10-02,13.476670265197754
2023-10-03,13.1466703414917
2023-10-04,13.098329544067383
2023-10-05,13.029999732971191
2023-10-06,13.188329696655273
2023-10-09,13.423330307006836
2023-10-10,13.772000312805176
2023-10-11,13.592000007629395
2023-10-12,13.859999656677246
2023-10-13,13.739999771118164
2023-10-16,13.868000030517578
2023-10-17,13.824000358581543
2023-10-18,13.682000160217285
2023-10-19,13.357999801635742
2023-10-20,12.845999717712402
2023-10-23,12.751999855041504
2023-10-24,12.887999534606934
2023-10-25,12.71399974822998
2023-10-26,12.482000350952148
2023-10-27,12.265999794006348
2023-10-30,12.251999855041504
2023-10-31,12.460000038146973
2023-11-01,12.789999961853027
2023-11-02,13.152000427246094
2023-11-03,13.272000312805176
2023-11-06,13.211999893188477
2023-11-07,13.498000144958496
2023-11-08,13.406000137329102
2023-11-09,13.446000099182129
2023-11-10,13.46399974822998
2023-11-13,13.62399959564209
2023-11-14,13.807999610900879
2023-11-15,13.86400032043457
2023-11-16,13.70199966430664
2023-11-17,13.732000350952148
2023-11-20,13.767999649047852
2023-11-21,13.777999877929688
2023-11-22,14.076000213623047
2023-11-23,14.02400016784668
2023-11-24,13.935999870300293
2023-11-27,13.913999557495117
2023-11-28,13.850000381469727
2023-11-29,13.87600040435791
2023-11-30,13.96399974822998
2023-12-01,14.246000289916992
2023-12-04,14.246000289916992
2023-12-05,14.246000289916992
2023-12-06,14.246000289916992
2023-12-07,14.470000267028809
2023-12-08,14.663999557495117
2023-12-11,14.741999626159668
2023-12-12,14.793999671936035
2023-12-13,14.923999786376953
2023-12-14,14.814000129699707
2023-12-15,15.07800006866455
2023-12-18,15.137999534606934
2023-12-19,15.131999969482422
2023-12-20,15.23799991607666
2023-12-21,14.918000221252441
2023-12-22,15.010000228881836
2023-12-27,14.85200023651123
2023-12-28,15.003999710083008
2023-12-29,15.057999610900879
2024-01-02,15.041999816894531
2024-01-03,14.956000328063965
2024-01-04,14.878000259399414
2024-01-05,14.760000228881836
2024-01-08,14.826000213623047
2024-01-09,15.142000198364258
2024-01-10,15.14799976348877
2024-01-11,15.03600025177002
2024-01-12,15.204000473022461
2024-01-15,15.248000144958496
2024-01-16,15.428000450134277
2024-01-17,15.263999938964844
2024-01-18,15.378000259399414
2024-01-19,15.54800033569336
2024-01-22,15.923999786376953
2024-01-23,16.007999420166016
2024-01-24,16.145999908447266
2024-01-25,16.305999755859375
2024-01-26,16.270000457763672
2024-01-29,16.420000076293945
2024-01-30,16.52400016784668
2024-01-31,16.20400047302246
2024-02-01,16.059999465942383
2024-02-02,16.784000396728516
2024-02-05,16.84600067138672
2024-02-06,16.895999908447266
2024-02-07,17.11400032043457
2024-02-08,17.172000885009766
2024-02-09,17.22599983215332
2024-02-12,17.50200080871582
2024-02-13,17.13800048828125
2024-02-14,17.190000534057617
2024-02-15,17.299999237060547
2024-02-16,17.423999786376953
2024-02-19,17.277999877929688
2024-02-20,16.847999572753906
2024-02-21,16.827999114990234
2024-02-22,17.49799919128418
2024-02-23,17.615999221801758
2024-02-26,17.493999481201172
2024-02-27,17.402000427246094
2024-02-28,17.447999954223633
2024-02-29,17.57200050354004
2024-03-01,17.780000686645508
2024-03-04,17.788000106811523
2024-03-05,17.459999084472656
2024-03-06,17.573999404907227
2024-03-07,17.634000778198242
2024-03-08,17.670000076293945
2024-03-11,17.45199966430664
2024-03-12,17.72599983215332
2024-03-13,17.756000518798828
2024-03-14,17.81599998474121
2024-03-15,17.527999877929688
2024-03-18,17.88599967956543
2024-03-19,17.95599937438965
2024-03-20,18.058000564575195
2024-03-21,18.63800048828125
2024-03-22,18.610000610351562
2024-03-25,18.486000061035156
2024-03-26,18.562000274658203
2024-03-27,18.51799964904785
2024-03-28,18.760000228881836
2024-04-02,18.465999603271484
2024-04-03,18.48200035095215
2024-04-04,18.506000518798828
2024-04-05,18.257999420166016
2024-04-08,18.253999710083008
2024-04-09,18.02400016784668
2024-04-10,18.27400016784668
2024-04-11,18.374000549316406
2024-04-12,18.582000732421875
2024-04-15,18.45199966430664
2024-04-16,17.90399932861328
2024-04-17,17.649999618530273
2024-04-18,17.711999893188477
2024-04-19,17.26799964904785
2024-04-22,17.290000915527344
2024-04-23,17.687999725341797
2024-04-24,17.73200035095215
2024-04-25,17.23200035095215
2024-04-26,17.989999771118164
2024-04-29,17.944000244140625
2024-04-30,17.856000900268555
2024-05-02,17.47599983215332
2024-05-03,17.81399917602539
2024-05-06,18.082000732421875
2024-05-07,18.3439998626709
2024-05-08,18.368000030517578
2024-05-09,18.413999557495117
2024-05-10,18.510000228881836
2024-05-13,18.45800018310547
2024-05-14,18.41200065612793
2024-05-15,18.68600082397461
2024-05-16,18.9060001373291
2024-05-17,18.72599983215332
2024-05-20,18.95400047302246
2024-05-21,18.8799991607666
2024-05-22,18.97599983215332
2024-05-23,19.010000228881836
2024-05-24,18.81800079345703
2024-05-27,18.847999572753906
2024-05-28,18.733999252319336
2024-05-29,18.715999603271484
2024-05-30,18.43400001525879
2024-05-31,18.106000900268555
2024-06-03,18.40399932861328
2024-06-04,18.326000213623047
2024-06-05,18.854000091552734
2024-06-06,18.968000411987305
2024-06-07,19.261999130249023
2024-06-10,19.445999145507812
2024-06-11,19.48200035095215
2024-06-12,19.694000244140625
2024-06-13,19.874000549316406
2024-06-14,20.094999313354492
2024-06-17,20.149999618530273
2024-06-18,20.364999771118164
2024-06-19,20.459999084472656
2024-06-20,20.56999969482422
2024-06-21,20.459999084472656
2024-06-24,20.440000534057617
2024-06-25,20.354999542236328
2024-06-26,20.44499969482422
2024-06-27,20.424999237060547
2024-06-28,20.6200008392334
2024-07-01,20.299999237060547
2024-07-02,20.40999984741211
2024-07-03,20.450000762939453
2024-07-04,20.479999542236328
2024-07-05,20.55500030517578
2024-07-08,20.684999465942383
2024-07-09,20.829999923706055
2024-07-10,20.8799991607666
2024-07-11,20.709999084472656
2024-07-12,20.8700008392334
2024-07-15,21.024999618530273
2024-07-16,21.09000015258789
2024-07-17,20.53499984741211
2024-07-18,20.274999618530273
2024-07-19,20.020000457763672
2024-07-22,20.184999465942383
2024-07-23,20.670000076293945
2024-07-24,19.781999588012695
2024-07-25,19.634000778198242
2024-07-26,19.645999908447266
2024-07-29,19.77199935913086
2024-07-30,19.709999084472656
2024-07-31,20.325000762939453
2024-08-01,20.03499984741211
2024-08-02,18.416000366210938
2024-08-05,17.573999404907227
2024-08-06,17.902000427246094
2024-08-07,18.34600067138672
2024-08-08,18.280000686645508
2024-08-09,18.43000030517578
2024-08-12,18.520000457763672
2024-08-13,18.884000778198242
2024-08-14,18.972000122070312
2024-08-15,19.648000717163086
2024-08-16,19.694000244140625
2024-08-19,19.70599937438965
2024-08-20,19.694000244140625
2024-08-21,19.68400001525879
2024-08-22,19.75200080871582
2024-08-23,19.631999969482422
2024-08-26,19.625999450683594
2024-08-27,19.601999282836914
2024-08-28,19.56399917602539
2024-08-29,20.040000915527344
2024-08-30,19.86199951171875
2024-09-02,20.184999465942383
2024-09-03,19.763999938964844
2024-09-04,19.25
2024-09-05,18.969999313354492
2024-09-06,18.489999771118164
2024-09-09,18.889999389648438
2024-09-10,19.079999923706055
2024-09-11,18.805999755859375
2024-09-12,19.625999450683594
2024-09-13,19.937999725341797
2024-09-16,19.715999603271484
2024-09-17,20.024999618530273
2024-09-18,19.83799934387207
2024-09-19,20.334999084472656
2024-09-20,20.135000228881836
2024-09-23,20.40999984741211
2024-09-24,20.375
2024-09-25,20.415000915527344
2024-09-26,20.34000015258789
2024-09-27,20.510000228881836
2024-09-30,20.434999465942383
2024-10-01,20.549999237060547
2024-10-02,20.69499969482422
2024-10-03,20.69499969482422
2024-10-04,20.950000762939453
2024-10-07,21.104999542236328
2024-10-08,21.15999984741211
2024-10-09,21.53499984741211
2024-10-10,21.649999618530273
2024-10-11,21.795000076293945
2024-10-14,22.200000762939453
2024-10-15,22.204999923706055
2024-10-16,22.165000915527344
2024-10-17,22.594999313354492
2024-10-18,22.489999771118164
2024-10-21,22.395000457763672
2024-10-22,22.53499984741211
2024-10-23,22.40999984741211
2024-10-24,22.31999969482422
2024-10-25,22.5049991607666
2024-10-28,22.415000915527344
2024-10-29,22.46500015258789
2024-10-30,22.344999313354492
2024-10-31,21.489999771118164
2024-11-01,21.7450008392334
2024-11-04,21.315000534057617
2024-11-05,21.575000762939453
2024-11-06,23.360000610351562
2024-11-07,23.604999542236328
2024-11-08,24.125
2024-11-11,24.645000457763672
2024-11-12,24.674999237060547
2024-11-13,24.920000076293945
2024-11-14,24.7450008392334
2024-11-15,24.0049991607666
2024-11-18,24.135000228881836
2024-11-19,24.1200008392334
2024-11-20,24.18000030517578
2024-11-21,24.8700008392334
2024-11-22,25.459999084472656
2024-11-25,25.329999923706055
2024-11-26,25.545000076293945
2024-11-27,24.989999771118164
2024-11-28,25.190000534057617
2024-11-29,25.334999084472656
2024-12-02,25.760000228881836
2024-12-03,25.6200008392334
2024-12-04,25.84000015258789
2024-12-05,25.75
2024-12-06,25.78499984741211
2024-12-09,25.524999618530273
2024-12-10,25.739999771118164
2024-12-11,26.020000457763672
2024-12-12,25.940000534057617
2024-12-13,25.7549991607666
2024-12-16,25.920000076293945
2024-12-17,25.7549991607666
2024-12-18,25.915000915527344
2024-12-19,25.03499984741211
2024-12-20,25.229999542236328
2024-12-23,25.06999969482422
2024-12-27,25.239999771118164
2024-12-30,24.71500015258789
2025-01-02,25.545000076293945
2025-01-03,25.540000915527344
2025-01-06,25.815000534057617
2025-01-07,25.299999237060547
2025-01-08,25.334999084472656
2025-01-09,25.385000228881836
2025-01-10,24.899999618530273
2025-01-13,24.829999923706055
2025-01-14,24.78499984741211
2025-01-15,25.604999542236328
2025-01-16,25.670000076293945
2025-01-17,26.174999237060547
2025-01-20,25.864999771118164
2025-01-21,25.850000381469727
2025-01-22,26.405000686645508
2025-01-23,26.405000686645508
2025-01-24,26.104999542236328
2025-01-27,25.0
2025-01-28,25.780000686645508
2025-01-29,25.905000686645508
2025-01-30,25.915000915527344
2025-01-31,26.610000610351562
2025-02-03,26.135000228881836
2025-02-04,26.079999923706055
2025-02-05,25.834999084472656
2025-02-06,26.399999618530273
2025-02-07,26.31999969482422
2025-02-10,26.610000610351562
2025-02-11,26.440000534057617
2025-02-12,26.020000457763672
2025-02-13,26.184999465942383
2025-02-14,26.09000015258789
2025-02-17,26.30500030517578
2025-02-18,26.31999969482422
2025-02-19,26.635000228881836
2025-02-20,25.985000610351562
2025-02-21,26.0
2025-02-24,25.2549991607666
2025-02-25,24.25
2025-02-26,24.94499969482422
2025-02-27,25.084999084472656
2025-02-28,24.469999313354492
2025-03-03,24.450000762939453
2025-03-04,22.770000457763672
2025-03-05,21.764999389648438
2025-03-06,21.834999084472656
2025-03-07,20.895000457763672
2025-03-10,20.6299991607666
2025-03-11,19.75200080871582
2025-03-12,20.139999389648438
2025-03-13,19.743999481201172
2025-03-14,20.25
2025-03-17,20.325000762939453
2025-03-18,20.059999465942383
2025-03-19,20.545000076293945
2025-03-20,20.770000457763672
2025-03-21,20.635000228881836
2025-03-24,21.639999389648438
2025-03-25,21.649999618530273
2025-03-26,21.46500015258789
2025-03-27,21.21500015258789
2025-03-28,20.18000030517578
2025-03-31,19.969999313354492
2025-04-01,20.545000076293945
2025-04-02,20.524999618530273
2025-04-03,18.277999877929688
2025-04-04,16.639999389648438
2025-04-07,15.739999771118164
2025-04-08,16.871999740600586
2025-04-09,15.208000183105469
2025-04-10,16.33799934387207
2025-04-11,15.95199966430664
2025-04-14,16.827999114990234
2025-04-15,17.13800048828125
2025-04-16,16.56999969482422
2025-04-17,16.09000015258789
2025-04-22,15.656000137329102
2025-04-23,16.73200035095215
2025-04-24,17.06999969482422
2025-04-25,17.224000930786133
2025-04-28,17.29599952697754
2025-04-29,17.48200035095215
2025-04-30,17.559999465942383
2025-05-02,18.54800033569336
2025-05-05,18.56800079345703
2025-05-06,18.31599998474121
2025-05-07,18.139999389648438
2025-05-08,18.902000427246094
2025-05-09,18.799999237060547
2025-05-12,20.260000228881836
2025-05-13,20.665000915527344
2025-05-14,20.579999923706055
2025-05-15,20.684999465942383
2025-05-16,21.014999389648438
2025-05-19,20.690000534057617
2025-05-20,20.719999313354492
2025-05-21,20.295000076293945
2025-05-22,19.922000885009766
2025-05-23,19.408000946044922
2025-05-26,19.724000930786133
2025-05-27,20.075000762939453
2025-05-28,20.2450008392334
2025-05-29,20.014999389648438
2025-05-30,19.972000122070312
2025-06-02,19.719999313354492
2025-06-03,20.354999542236328
2025-06-04,20.34000015258789
2025-06-05,20.3799991607666
2025-06-06,20.5049991607666
2025-06-09,20.5
2025-06-10,20.5049991607666
2025-06-11,20.55500030517578
2025-06-12,20.1200008392334
2025-06-13,19.989999771118164
2025-06-16,20.1299991607666
2025-06-17,20.135000228881836
2025-06-18,20.1299991607666
2025-06-19,19.766000747680664
2025-06-20,19.944000244140625
2025-06-23,19.895999908447266
2025-06-24,20.280000686645508
2025-06-25,20.31999969482422
2025-06-26,20.30500030517578
2025-06-27,20.59000015258789
2025-06-30,20.549999237060547
2025-07-01,20.485000610351562
2025-07-02,20.604999542236328
2025-07-03,21.084999084472656
2025-07-04,20.780000686645508
2025-07-07,20.93000030517578
2025-07-08,20.93000030517578
2025-07-09,21.049999237060547
2025-07-10,21.385000228881836
2025-07-11,21.165000915527344
2025-07-14,21.219999313354492
2025-07-15,21.584999084472656
2025-07-16,20.81999969482422
2025-07-17,21.780000686645508
2025-07-18,21.625
2025-07-21,21.655000686645508
2025-07-22,21.31999969482422
2025-07-23,21.55500030517578
2025-07-24,21.674999237060547
2025-07-25,21.864999771118164
2025-07-28,22.3799991607666
2025-07-29,22.579999923706055
2025-07-30,22.850000381469727
2025-07-31,23.114999771118164
2025-08-01,21.594999313354492
2025-08-04,22.010000228881836
2025-08-05,21.829999923706055
2025-08-06,21.940000534057617
2025-08-07,21.934999465942383
2025-08-08,22.059999465942383
2025-08-11,22.395000457763672
2025-08-12,22.34000015258789
2025-08-13,22.354999542236328
2025-08-14,22.635000228881836
2025-08-15,22.399999618530273
2025-08-18,22.459999084472656
2025-08-19,22.389999389648438
2025-08-20,22.040000915527344
2025-08-21,22.295000076293945
2025-08-22,22.524999618530273
2025-08-25,22.575000762939453
2025-08-26,22.520000457763672
2025-08-27,22.969999313354492
2025-08-28,22.795000076293945
2025-08-29,22.434999465942383
2025-09-01,22.559999465942383
2025-09-02,22.045000076293945
2025-09-03,22.415000915527344
2025-09-04,22.774999618530273
2025-09-05,22.360000610351562
2025-09-08,22.604999542236328
2025-09-09,22.65999984741211
2025-09-10,22.950000762939453
2025-09-11,23.239999771118164
2025-09-12,23.30500030517578
2025-09-15,23.315000534057617
2025-09-16,22.959999084472656
2025-09-17,22.915000915527344
2025-09-18,23.510000228881836
2025-09-19,23.579999923706055
2025-09-22,23.719999313354492
2025-09-23,23.7549991607666
2025-09-24,23.68000030517578
2025-09-25,23.655000686645508
2025-09-26,23.639999389648438
2025-09-29,23.770000457763672
2025-09-30,23.684999465942383
2025-10-01,23.989999771118164
2025-10-02,24.18000030517578
2025-10-03,24.30500030517578
2025-10-06,24.40999984741211
2025-10-07,24.334999084472656
2025-10-08,24.850000381469727
2025-10-09,24.940000534057617
2025-10-10,23.959999084472656
2025-10-13,24.309999465942383
2025-10-14,24.059999465942383
2025-10-15,24.299999237060547
2025-10-16,24.155000686645508
2025-10-17,23.575000762939453
2025-10-20,24.5
2025-10-21,24.780000686645508
2025-10-22,24.44499969482422
2025-10-23,24.655000686645508
2025-10-27,25.514999389648438
2025-10-28,25.614999771118164
2025-10-29,25.770000457763672
2025-10-30,25.834999084472656
2025-10-31,25.864999771118164
2025-11-03,25.934999465942383
2025-11-04,25.719999313354492
2025-11-05,25.790000915527344
2025-11-06,24.899999618530273
2025-11-07,24.145000457763672
2025-11-10,25.184999465942383
2025-11-11,25.325000762939453
2025-11-12,25.565000534057617
2025-11-13,24.770000457763672
2025-11-14,24.7549991607666
2025-11-17,24.579999923706055
2025-11-18,24.0
2025-11-19,24.1299991607666
2025-11-20,24.53499984741211
2025-11-21,23.940000534057617
2025-11-24,24.6200008392334
2025-11-25,24.670000076293945
2025-11-26,25.264999389648438
2025-11-27,25.204999923706055
2025-11-28,25.415000915527344
2025-12-01,25.200000762939453
2025-12-02,25.225000381469727
2025-12-03,25.19499969482422
2025-12-04,25.235000610351562
2025-12-05,25.485000610351562
2025-12-08,25.354999542236328
2025-12-09,25.424999237060547
2025-12-10,25.270000457763672
2025-12-11,24.940000534057617
2025-12-12,24.614999771118164
2025-12-15,24.604999542236328
2025-12-16,24.260000228881836
2025-12-17,24.014999389648438
2025-12-18,24.579999923706055
2025-12-19,24.799999237060547
2025-12-22,24.959999084472656
2025-12-23,24.9950008392334
2025-12-29,25.084999084472656
2025-12-30,25.125
2026-01-02,24.764999389648438
2026-01-05,25.3700008392334
2026-01-06,25.524999618530273
2026-01-07,25.790000915527344
2026-01-08,25.65999984741211
2026-01-09,26.03499984741211
2026-01-12,25.920000076293945
2026-01-13,26.05500030517578
2026-01-14,25.559999465942383
2026-01-15,26.260000228881836
2026-01-16,26.174999237060547
2026-01-19,25.295000076293945
2026-01-20,24.899999618530273
2026-01-21,24.915000915527344
2026-01-22,25.225000381469727
2026-01-23,25.145000457763672
2026-01-26,24.844999313354492
2026-01-27,24.700000762939453
2026-01-28,24.834999084472656
2026-01-29,24.270000457763672
2026-01-30,24.725000381469727
2026-02-02,25.290000915527344
2026-02-03,24.90999984741211
2026-02-04,24.65999984741211
2026-02-05,24.209999084472656
2026-02-06,24.655000686645508
2026-02-09,24.795000076293945
2026-02-10,24.790000915527344
2026-02-11,24.69499969482422
2026-02-12,24.18000030517578
2026-02-13,24.104999542236328
2026-02-16,23.9950008392334
2026-02-17,24.114999771118164
2026-02-18,24.639999389648438
2026-02-19,24.594999313354492
2026-02-20,24.71500015258789
2026-02-23,24.25
2026-02-24,24.520000457763672
2026-02-25,24.8799991607666
2026-02-26,24.71500015258789
2026-02-27,24.375
2026-03-02,24.875
2026-03-03,24.65999984741211
2026-03-04,25.149999618530273
2026-03-05,25.030000686645508
2026-03-09,24.2450008392334
2026-03-10,24.774999618530273
2026-03-11,24.690000534057617
2026-03-12,24.434999465942383
2026-03-13,24.415000915527344
2026-03-16,24.475000381469727
2026-03-17,24.524999618530273
2026-03-18,24.239999771118164
2026-03-19,23.53499984741211
2026-03-20,23.155000686645508
2026-03-23,23.295000076293945
2026-03-24,23.21500015258789
2026-03-25,23.53499984741211
2026-03-26,23.065000534057617
2026-03-27,22.334999084472656
2026-03-30,22.510000228881836
2026-03-31,22.475000381469727
2026-04-01,23.264999389648438
2026-04-02,23.364999771118164
2026-04-07,23.104999542236328
2026-04-08,24.110000610351562
2026-04-09,24.270000457763672
2026-04-10,24.405000686645508
2026-04-13,24.399999618530273
2026-04-14,24.975000381469727
2026-04-15,25.309999465942383
2026-04-16,25.704999923706055
2026-04-17,26.28499984741211
2026-04-20,26.139999389648438
2026-04-21,26.225000381469727
2026-04-22,26.584999084472656
2026-04-23,26.790000915527344
2026-04-24,26.780000686645508
2026-04-27,26.719999313354492
2026-04-28,26.56999969482422
2026-04-29,26.709999084472656
2026-04-30,26.825000762939453
2026-05-04,27.190000534057617
2026-05-05,27.579999923706055
2026-05-06,28.03499984741211
2026-05-07,28.19499969482422
