Date,XD9U.DE
2017-01-02,56.04999923706055
2017-01-03,56.20000076293945
2017-01-04,56.310001373291016
2017-01-05,55.619998931884766
2017-01-06,56.09000015258789
2017-01-09,56.0
2017-01-10,56.02000045776367
2017-01-11,56.11000061035156
2017-01-12,55.18000030517578
2017-01-13,55.86000061035156
2017-01-16,55.84000015258789
2017-01-17,55.209999084472656
2017-01-18,55.34000015258789
2017-01-19,55.619998931884766
2017-01-20,55.5099983215332
2017-01-23,54.869998931884766
2017-01-24,55.11000061035156
2017-01-25,55.63999938964844
2017-01-26,56.16999816894531
2017-01-27,55.91999816894531
2017-01-30,55.38999938964844
2017-01-31,54.72999954223633
2017-02-01,55.16999816894531
2017-02-02,55.02000045776367
2017-02-03,55.5
2017-02-06,55.7400016784668
2017-02-07,55.9900016784668
2017-02-08,55.90999984741211
2017-02-09,56.4900016784668
2017-02-10,56.689998626708984
2017-02-13,57.2599983215332
2017-02-14,57.45000076293945
2017-02-15,57.7599983215332
2017-02-16,57.34000015258789
2017-02-17,57.54999923706055
2017-02-20,57.88999938964844
2017-02-21,58.439998626708984
2017-02-22,58.5099983215332
2017-02-23,58.2599983215332
2017-02-24,58.16999816894531
2017-02-27,58.189998626708984
2017-02-28,58.22999954223633
2017-03-01,59.18000030517578
2017-03-02,59.18000030517578
2017-03-03,58.849998474121094
2017-03-06,58.459999084472656
2017-03-07,58.4900016784668
2017-03-08,58.630001068115234
2017-03-09,58.43000030517578
2017-03-10,58.060001373291016
2017-03-13,58.060001373291016
2017-03-14,58.02000045776367
2017-03-15,58.400001525878906
2017-03-16,57.9900016784668
2017-03-17,57.939998626708984
2017-03-20,57.83000183105469
2017-03-21,56.939998626708984
2017-03-22,56.779998779296875
2017-03-23,57.15999984741211
2017-03-24,56.849998474121094
2017-03-27,56.18000030517578
2017-03-28,56.61000061035156
2017-03-29,57.34000015258789
2017-03-30,57.7599983215332
2017-03-31,57.939998626708984
2017-04-03,57.689998626708984
2017-04-04,57.849998474121094
2017-04-05,58.209999084472656
2017-04-06,57.97999954223633
2017-04-07,58.099998474121094
2017-04-10,58.18000030517578
2017-04-11,57.709999084472656
2017-04-12,57.79999923706055
2017-04-13,57.79999923706055
2017-04-18,57.209999084472656
2017-04-19,57.459999084472656
2017-04-20,57.119998931884766
2017-04-21,57.56999969482422
2017-04-24,57.15999984741211
2017-04-25,57.15999984741211
2017-04-26,57.709999084472656
2017-04-27,57.5099983215332
2017-04-28,57.290000915527344
2017-05-02,57.369998931884766
2017-05-03,57.20000076293945
2017-05-04,57.189998626708984
2017-05-05,56.97999954223633
2017-05-08,57.439998626708984
2017-05-09,57.7400016784668
2017-05-10,57.790000915527344
2017-05-11,57.560001373291016
2017-05-12,57.33000183105469
2017-05-15,57.349998474121094
2017-05-16,56.77000045776367
2017-05-17,55.79999923706055
2017-05-18,55.7400016784668
2017-05-19,55.810001373291016
2017-05-22,55.790000915527344
2017-05-23,55.939998626708984
2017-05-24,56.31999969482422
2017-05-25,56.43000030517578
2017-05-26,56.66999816894531
2017-05-29,56.70000076293945
2017-05-30,56.56999969482422
2017-05-31,56.13999938964844
2017-06-01,56.56999969482422
2017-06-02,56.66999816894531
2017-06-05,56.66999816894531
2017-06-06,56.65999984741211
2017-06-07,56.70000076293945
2017-06-08,56.93000030517578
2017-06-09,57.34000015258789
2017-06-12,56.84000015258789
2017-06-13,57.02000045776367
2017-06-14,56.72999954223633
2017-06-15,57.189998626708984
2017-06-16,56.93000030517578
2017-06-19,57.56999969482422
2017-06-20,57.65999984741211
2017-06-21,57.400001525878906
2017-06-22,57.439998626708984
2017-06-23,57.20000076293945
2017-06-26,57.18000030517578
2017-06-27,56.709999084472656
2017-06-28,56.369998931884766
2017-06-29,55.709999084472656
2017-06-30,55.81999969482422
2017-07-03,56.31999969482422
2017-07-04,56.29999923706055
2017-07-05,56.310001373291016
2017-07-06,55.779998779296875
2017-07-07,55.869998931884766
2017-07-10,55.97999954223633
2017-07-11,55.619998931884766
2017-07-12,56.209999084472656
2017-07-13,56.439998626708984
2017-07-14,56.220001220703125
2017-07-17,56.380001068115234
2017-07-18,55.779998779296875
2017-07-19,56.310001373291016
2017-07-20,55.77000045776367
2017-07-21,55.709999084472656
2017-07-24,55.689998626708984
2017-07-25,55.939998626708984
2017-07-26,56.06999969482422
2017-07-27,55.939998626708984
2017-07-28,55.189998626708984
2017-07-31,55.130001068115234
2017-08-01,55.09000015258789
2017-08-02,54.7599983215332
2017-08-03,54.709999084472656
2017-08-04,55.40999984741211
2017-08-07,55.22999954223633
2017-08-08,55.689998626708984
2017-08-09,55.2599983215332
2017-08-10,54.939998626708984
2017-08-11,54.470001220703125
2017-08-14,55.060001373291016
2017-08-15,55.33000183105469
2017-08-16,55.56999969482422
2017-08-17,55.029998779296875
2017-08-18,54.5099983215332
2017-08-21,54.040000915527344
2017-08-22,54.72999954223633
2017-08-23,54.560001373291016
2017-08-24,54.349998474121094
2017-08-25,54.20000076293945
2017-08-28,53.75
2017-08-29,53.400001525878906
2017-08-30,54.20000076293945
2017-08-31,54.66999816894531
2017-09-01,54.959999084472656
2017-09-04,54.59000015258789
2017-09-05,54.5099983215332
2017-09-06,54.33000183105469
2017-09-07,53.97999954223633
2017-09-08,54.0
2017-09-11,54.65999984741211
2017-09-12,54.93000030517578
2017-09-13,55.31999969482422
2017-09-14,55.38999938964844
2017-09-15,55.06999969482422
2017-09-18,55.310001373291016
2017-09-19,55.220001220703125
2017-09-20,55.130001068115234
2017-09-21,55.31999969482422
2017-09-22,55.06999969482422
2017-09-25,55.4900016784668
2017-09-26,55.959999084472656
2017-09-27,56.119998931884766
2017-09-28,56.119998931884766
2017-09-29,56.13999938964844
2017-10-02,56.720001220703125
2017-10-03,56.720001220703125
2017-10-04,56.90999984741211
2017-10-05,57.34000015258789
2017-10-06,57.279998779296875
2017-10-09,57.279998779296875
2017-10-10,56.91999816894531
2017-10-11,56.810001373291016
2017-10-12,56.88999938964844
2017-10-13,56.939998626708984
2017-10-16,57.08000183105469
2017-10-17,57.33000183105469
2017-10-18,57.38999938964844
2017-10-19,56.91999816894531
2017-10-20,57.59000015258789
2017-10-23,57.84000015258789
2017-10-24,57.61000061035156
2017-10-25,57.040000915527344
2017-10-26,57.81999969482422
2017-10-27,58.7400016784668
2017-10-30,58.29999923706055
2017-10-31,58.29999923706055
2017-11-01,58.58000183105469
2017-11-02,58.33000183105469
2017-11-03,58.7599983215332
2017-11-06,58.959999084472656
2017-11-07,59.099998474121094
2017-11-08,58.90999984741211
2017-11-09,58.529998779296875
2017-11-10,58.40999984741211
2017-11-13,58.4900016784668
2017-11-14,57.810001373291016
2017-11-15,57.560001373291016
2017-11-16,57.9900016784668
2017-11-17,57.83000183105469
2017-11-20,58.119998931884766
2017-11-21,58.52000045776367
2017-11-22,58.22999954223633
2017-11-23,57.97999954223633
2017-11-24,57.63999938964844
2017-11-27,57.70000076293945
2017-11-28,58.15999984741211
2017-11-29,58.56999969482422
2017-11-30,58.63999938964844
2017-12-01,58.0
2017-12-04,59.189998626708984
2017-12-05,59.16999816894531
2017-12-06,58.9900016784668
2017-12-07,59.1150016784668
2017-12-08,59.4900016784668
2017-12-11,59.4900016784668
2017-12-12,60.19499969482422
2017-12-13,60.005001068115234
2017-12-14,59.810001373291016
2017-12-15,60.10499954223633
2017-12-18,60.29999923706055
2017-12-19,60.15999984741211
2017-12-20,59.709999084472656
2017-12-21,59.900001525878906
2017-12-22,59.880001068115234
2017-12-27,59.709999084472656
2017-12-28,59.400001525878906
2017-12-29,59.459999084472656
2018-01-02,59.04399871826172
2018-01-03,59.59199905395508
2018-01-04,59.70000076293945
2018-01-05,60.12799835205078
2018-01-08,60.61600112915039
2018-01-09,61.20199966430664
2018-01-10,60.75600051879883
2018-01-11,60.60599899291992
2018-01-12,60.678001403808594
2018-01-15,60.29399871826172
2018-01-16,60.51599884033203
2018-01-17,60.40800094604492
2018-01-18,60.492000579833984
2018-01-19,60.66600036621094
2018-01-22,60.869998931884766
2018-01-23,61.2400016784668
2018-01-24,60.652000427246094
2018-01-25,60.268001556396484
2018-01-26,60.832000732421875
2018-01-29,61.332000732421875
2018-01-30,60.45199966430664
2018-01-31,60.20600128173828
2018-02-01,59.99399948120117
2018-02-02,59.43600082397461
2018-02-05,58.7140007019043
2018-02-06,56.2400016784668
2018-02-07,58.577999114990234
2018-02-08,57.35200119018555
2018-02-09,56.130001068115234
2018-02-12,57.04999923706055
2018-02-13,56.71799850463867
2018-02-14,57.13800048828125
2018-02-15,57.44200134277344
2018-02-16,58.47200012207031
2018-02-19,58.38600158691406
2018-02-20,58.75600051879883
2018-02-21,59.0260009765625
2018-02-22,58.67399978637695
2018-02-23,58.805999755859375
2018-02-26,59.50400161743164
2018-02-27,59.99599838256836
2018-02-28,59.582000732421875
2018-03-01,58.96799850463867
2018-03-02,57.380001068115234
2018-03-05,58.263999938964844
2018-03-06,58.13399887084961
2018-03-07,58.26599884033203
2018-03-08,58.849998474121094
2018-03-09,59.715999603271484
2018-03-12,60.0620002746582
2018-03-13,59.54199981689453
2018-03-14,59.198001861572266
2018-03-15,59.44200134277344
2018-03-16,59.63199996948242
2018-03-19,58.486000061035156
2018-03-20,58.95399856567383
2018-03-21,59.167999267578125
2018-03-22,57.948001861572266
2018-03-23,56.67399978637695
2018-03-26,55.874000549316406
2018-03-27,57.099998474121094
2018-03-28,56.167999267578125
2018-03-29,56.87799835205078
2018-04-03,56.2239990234375
2018-04-04,56.36199951171875
2018-04-05,58.11600112915039
2018-04-06,57.05799865722656
2018-04-09,57.077999114990234
2018-04-10,57.316001892089844
2018-04-11,56.902000427246094
2018-04-12,57.5880012512207
2018-04-13,57.45800018310547
2018-04-16,57.47800064086914
2018-04-17,58.310001373291016
2018-04-18,58.38399887084961
2018-04-19,58.06399917602539
2018-04-20,57.99599838256836
2018-04-23,58.40800094604492
2018-04-24,58.130001068115234
2018-04-25,57.47800064086914
2018-04-26,58.433998107910156
2018-04-27,58.70600128173828
2018-04-30,58.93600082397461
2018-05-02,58.891998291015625
2018-05-03,57.93600082397461
2018-05-04,59.25
2018-05-07,59.79999923706055
2018-05-08,59.9739990234375
2018-05-09,60.189998626708984
2018-05-10,60.85599899291992
2018-05-11,60.875999450683594
2018-05-14,60.90800094604492
2018-05-15,60.83599853515625
2018-05-16,61.38999938964844
2018-05-17,61.61199951171875
2018-05-18,61.529998779296875
2018-05-21,61.529998779296875
2018-05-22,61.91600036621094
2018-05-23,61.84600067138672
2018-05-24,61.779998779296875
2018-05-25,62.29600143432617
2018-05-28,62.4379997253418
2018-05-29,62.310001373291016
2018-05-30,62.236000061035156
2018-05-31,62.11399841308594
2018-06-01,62.46799850463867
2018-06-04,62.650001525878906
2018-06-05,62.70800018310547
2018-06-06,62.64799880981445
2018-06-07,62.597999572753906
2018-06-08,62.81399917602539
2018-06-11,62.970001220703125
2018-06-12,63.0880012512207
2018-06-13,63.29800033569336
2018-06-14,63.875999450683594
2018-06-15,63.62200164794922
2018-06-18,63.7859992980957
2018-06-19,63.597999572753906
2018-06-20,63.88800048828125
2018-06-21,63.53799819946289
2018-06-22,63.43000030517578
2018-06-25,61.948001861572266
2018-06-26,62.31700134277344
2018-06-27,62.986000061035156
2018-06-28,62.50400161743164
2018-06-29,62.7239990234375
2018-07-02,62.362998962402344
2018-07-03,62.64699935913086
2018-07-04,62.46500015258789
2018-07-05,62.284000396728516
2018-07-06,62.72700119018555
2018-07-09,63.25400161743164
2018-07-10,63.643001556396484
2018-07-11,63.41600036621094
2018-07-12,63.84400177001953
2018-07-13,64.27300262451172
2018-07-16,63.90399932861328
2018-07-17,64.1259994506836
2018-07-18,64.63400268554688
2018-07-19,64.72000122070312
2018-07-20,64.14199829101562
2018-07-23,64.02999877929688
2018-07-24,64.5199966430664
2018-07-25,64.68000030517578
2018-07-26,65.10800170898438
2018-07-27,64.98400115966797
2018-07-30,64.04399871826172
2018-07-31,64.30000305175781
2018-08-01,64.4800033569336
2018-08-02,64.76599884033203
2018-08-03,65.2699966430664
2018-08-06,65.77999877929688
2018-08-07,65.94000244140625
2018-08-08,65.9020004272461
2018-08-09,66.10199737548828
2018-08-10,66.60399627685547
2018-08-13,66.40799713134766
2018-08-14,66.86000061035156
2018-08-15,66.5199966430664
2018-08-16,66.8219985961914
2018-08-17,66.62200164794922
2018-08-20,66.76799774169922
2018-08-21,66.5739974975586
2018-08-22,66.14399719238281
2018-08-23,66.06400299072266
2018-08-24,66.18199920654297
2018-08-27,66.37999725341797
2018-08-28,66.19200134277344
2018-08-29,66.65599822998047
2018-08-30,66.76000213623047
2018-08-31,66.81999969482422
2018-09-03,67.0199966430664
2018-09-04,67.08999633789062
2018-09-05,66.36599731445312
2018-09-06,66.23400115966797
2018-09-07,66.64199829101562
2018-09-10,66.46800231933594
2018-09-11,66.63200378417969
2018-09-12,66.56199645996094
2018-09-13,66.50399780273438
2018-09-14,66.76000213623047
2018-09-17,66.38600158691406
2018-09-18,66.5979995727539
2018-09-19,66.66600036621094
2018-09-20,66.71600341796875
2018-09-21,66.91600036621094
2018-09-24,66.32599639892578
2018-09-25,66.47799682617188
2018-09-26,66.61199951171875
2018-09-27,67.05000305175781
2018-09-28,67.25199890136719
2018-10-01,67.86000061035156
2018-10-02,67.77200317382812
2018-10-04,67.5199966430664
2018-10-05,67.13600158691406
2018-10-08,67.03600311279297
2018-10-09,67.29199981689453
2018-10-10,65.8239974975586
2018-10-11,63.762001037597656
2018-10-12,63.858001708984375
2018-10-15,63.95199966430664
2018-10-16,64.4520034790039
2018-10-17,64.83399963378906
2018-10-18,64.61799621582031
2018-10-19,64.73400115966797
2018-10-22,64.4540023803711
2018-10-23,63.119998931884766
2018-10-24,63.47999954223633
2018-10-25,63.53200149536133
2018-10-26,62.52799987792969
2018-10-29,62.86000061035156
2018-10-30,62.59400177001953
2018-10-31,64.25
2018-11-01,64.16200256347656
2018-11-02,63.874000549316406
2018-11-05,64.02799987792969
2018-11-06,64.35600280761719
2018-11-07,65.14600372314453
2018-11-08,65.86000061035156
2018-11-09,65.6719970703125
2018-11-12,65.12799835205078
2018-11-13,65.14800262451172
2018-11-14,64.1520004272461
2018-11-15,63.91400146484375
2018-11-16,63.97600173950195
2018-11-19,63.2400016784668
2018-11-20,62.32400131225586
2018-11-21,62.62200164794922
2018-11-22,61.77799987792969
2018-11-23,62.46200180053711
2018-11-26,62.79399871826172
2018-11-27,63.41400146484375
2018-11-28,63.90999984741211
2018-11-29,64.34400177001953
2018-11-30,64.79199981689453
2018-12-03,65.64399719238281
2018-12-04,65.3280029296875
2018-12-05,63.959999084472656
2018-12-06,62.12200164794922
2018-12-07,62.5260009765625
2018-12-10,61.25600051879883
2018-12-11,62.77000045776367
2018-12-12,63.07600021362305
2018-12-13,62.694000244140625
2018-12-14,62.23400115966797
2018-12-17,61.29399871826172
2018-12-18,60.439998626708984
2018-12-19,60.16600036621094
2018-12-20,58.29800033569336
2018-12-21,58.15800094604492
2018-12-27,57.349998474121094
2018-12-28,58.6879997253418
2019-01-02,59.15399932861328
2019-01-03,58.150001525878906
2019-01-04,59.220001220703125
2019-01-07,59.83599853515625
2019-01-08,59.92399978637695
2019-01-09,60.290000915527344
2019-01-10,60.4739990234375
2019-01-11,60.68000030517578
2019-01-14,60.52799987792969
2019-01-15,61.35599899291992
2019-01-16,61.8380012512207
2019-01-17,61.91600036621094
2019-01-18,63.150001525878906
2019-01-21,62.959999084472656
2019-01-22,62.6879997253418
2019-01-23,62.13199996948242
2019-01-24,62.5260009765625
2019-01-25,62.90399932861328
2019-01-28,61.9739990234375
2019-01-29,62.104000091552734
2019-01-30,62.65999984741211
2019-01-31,63.439998626708984
2019-02-01,63.577999114990234
2019-02-04,63.917999267578125
2019-02-05,64.51599884033203
2019-02-06,64.65399932861328
2019-02-07,63.78200149536133
2019-02-08,63.88800048828125
2019-02-11,64.72200012207031
2019-02-12,65.31400299072266
2019-02-13,65.7040023803711
2019-02-14,65.48799896240234
2019-02-15,66.21600341796875
2019-02-18,66.22599792480469
2019-02-19,66.06999969482422
2019-02-20,66.05799865722656
2019-02-21,66.02999877929688
2019-02-22,66.43000030517578
2019-02-25,66.79399871826172
2019-02-26,66.43599700927734
2019-02-27,66.16999816894531
2019-02-28,66.2020034790039
2019-03-01,66.25599670410156
2019-03-04,66.6240005493164
2019-03-05,66.73799896240234
2019-03-06,66.30000305175781
2019-03-07,66.31199645996094
2019-03-08,65.60800170898438
2019-03-11,66.7020034790039
2019-03-12,66.8239974975586
2019-03-13,67.23799896240234
2019-03-14,67.21800231933594
2019-03-15,67.49800109863281
2019-03-18,67.33399963378906
2019-03-19,67.78600311279297
2019-03-20,66.95800018310547
2019-03-21,67.6719970703125
2019-03-22,67.20999908447266
2019-03-25,66.70999908447266
2019-03-26,67.38600158691406
2019-03-27,67.16200256347656
2019-03-28,67.50800323486328
2019-03-29,68.05400085449219
2019-04-01,68.84200286865234
2019-04-02,69.13800048828125
2019-04-03,69.34400177001953
2019-04-04,69.23799896240234
2019-04-05,69.60800170898438
2019-04-08,69.33399963378906
2019-04-09,69.08599853515625
2019-04-10,69.21399688720703
2019-04-11,69.36599731445312
2019-04-12,69.34400177001953
2019-04-15,69.40399932861328
2019-04-16,69.6780014038086
2019-04-17,69.39600372314453
2019-04-18,69.69599914550781
2019-04-23,70.63600158691406
2019-04-24,70.91200256347656
2019-04-25,71.12000274658203
2019-04-26,71.00800323486328
2019-04-29,71.28399658203125
2019-04-30,70.73400115966797
2019-05-02,70.43800354003906
2019-05-03,71.0
2019-05-06,70.53199768066406
2019-05-07,69.88800048828125
2019-05-08,69.62000274658203
2019-05-09,68.4520034790039
2019-05-10,68.13800048828125
2019-05-13,67.72200012207031
2019-05-14,68.7239990234375
2019-05-15,68.85199737548828
2019-05-16,69.98600006103516
2019-05-17,69.83200073242188
2019-05-20,68.91200256347656
2019-05-21,69.4540023803711
2019-05-22,69.36599731445312
2019-05-23,68.34400177001953
2019-05-24,68.29199981689453
2019-05-27,68.4219970703125
2019-05-28,68.47000122070312
2019-05-29,67.5739974975586
2019-05-30,67.75800323486328
2019-05-31,67.21600341796875
2019-06-03,66.60800170898438
2019-06-04,67.21600341796875
2019-06-05,67.77999877929688
2019-06-06,68.0199966430664
2019-06-07,68.72000122070312
2019-06-11,69.22599792480469
2019-06-12,68.97200012207031
2019-06-13,69.39199829101562
2019-06-14,69.72599792480469
2019-06-17,69.80799865722656
2019-06-18,70.83799743652344
2019-06-19,70.55400085449219
2019-06-20,70.77200317382812
2019-06-21,70.89600372314453
2019-06-24,70.24600219726562
2019-06-25,69.86799621582031
2019-06-26,69.56199645996094
2019-06-27,69.5979995727539
2019-06-28,69.87200164794922
2019-07-01,71.0719985961914
2019-07-02,71.0780029296875
2019-07-03,71.87799835205078
2019-07-04,72.10399627685547
2019-07-05,72.04399871826172
2019-07-08,71.947998046875
2019-07-09,71.95999908447266
2019-07-10,72.08399963378906
2019-07-11,72.30400085449219
2019-07-12,72.51000213623047
2019-07-15,72.61399841308594
2019-07-16,72.87999725341797
2019-07-17,72.43399810791016
2019-07-18,71.96800231933594
2019-07-19,72.5260009765625
2019-07-22,72.1500015258789
2019-07-23,72.81999969482422
2019-07-24,73.24400329589844
2019-07-25,73.197998046875
2019-07-26,73.80999755859375
2019-07-29,73.63600158691406
2019-07-30,73.41000366210938
2019-07-31,73.55999755859375
2019-08-01,73.94400024414062
2019-08-02,71.39399719238281
2019-08-05,69.59400177001953
2019-08-06,69.0999984741211
2019-08-07,69.12000274658203
2019-08-08,70.81400299072266
2019-08-09,70.43599700927734
2019-08-12,70.01799774169922
2019-08-13,70.89600372314453
2019-08-14,69.8499984741211
2019-08-15,69.697998046875
2019-08-16,70.73200225830078
2019-08-19,71.67400360107422
2019-08-20,71.50199890136719
2019-08-21,71.70800018310547
2019-08-22,71.52400207519531
2019-08-23,70.18800354003906
2019-08-26,70.23999786376953
2019-08-27,70.58999633789062
2019-08-28,70.72599792480469
2019-08-29,71.84400177001953
2019-08-30,72.24600219726562
2019-09-02,72.23999786376953
2019-09-03,72.01200103759766
2019-09-04,72.25800323486328
2019-09-05,73.33999633789062
2019-09-06,73.4000015258789
2019-09-09,73.3479995727539
2019-09-10,72.80999755859375
2019-09-11,73.9219970703125
2019-09-12,74.08799743652344
2019-09-13,73.93399810791016
2019-09-16,74.0739974975586
2019-09-17,73.77999877929688
2019-09-18,73.6500015258789
2019-09-19,74.35800170898438
2019-09-20,74.39199829101562
2019-09-23,74.04199981689453
2019-09-24,73.86000061035156
2019-09-25,73.76799774169922
2019-09-26,73.83000183105469
2019-09-27,74.09200286865234
2019-09-30,74.25599670410156
2019-10-01,73.66200256347656
2019-10-02,71.5719985961914
2019-10-04,72.76599884033203
2019-10-07,73.10600280761719
2019-10-08,72.00399780273438
2019-10-09,72.1780014038086
2019-10-10,72.77200317382812
2019-10-11,73.71600341796875
2019-10-14,73.33399963378906
2019-10-15,73.86199951171875
2019-10-16,73.53199768066406
2019-10-17,73.28199768066406
2019-10-18,73.00399780273438
2019-10-21,73.30599975585938
2019-10-22,73.49800109863281
2019-10-23,73.41600036621094
2019-10-24,73.86000061035156
2019-10-25,74.25599670410156
2019-10-28,74.52999877929688
2019-10-29,74.58799743652344
2019-10-30,74.30400085449219
2019-10-31,73.9000015258789
2019-11-01,74.58799743652344
2019-11-04,75.26200103759766
2019-11-05,75.6760025024414
2019-11-06,75.58000183105469
2019-11-07,76.2699966430664
2019-11-08,76.18599700927734
2019-11-11,76.03399658203125
2019-11-12,76.65399932861328
2019-11-13,76.53800201416016
2019-11-14,76.4739990234375
2019-11-15,76.85800170898438
2019-11-18,76.75
2019-11-19,76.7699966430664
2019-11-20,76.82599639892578
2019-11-21,76.41000366210938
2019-11-22,76.76399993896484
2019-11-25,77.59600067138672
2019-11-26,77.76399993896484
2019-11-27,78.12999725341797
2019-11-28,78.15399932861328
2019-11-29,77.91400146484375
2019-12-02,76.61599731445312
2019-12-03,75.76399993896484
2019-12-04,76.7300033569336
2019-12-05,76.4280014038086
2019-12-06,77.80799865722656
2019-12-09,77.54199981689453
2019-12-10,77.18599700927734
2019-12-11,77.1760025024414
2019-12-12,77.59200286865234
2019-12-13,77.5479965209961
2019-12-16,78.29199981689453
2019-12-17,78.14399719238281
2019-12-18,78.44400024414062
2019-12-19,78.56199645996094
2019-12-20,79.46399688720703
2019-12-23,79.4280014038086
2019-12-27,79.31199645996094
2019-12-30,79.0459976196289
2020-01-02,79.01399993896484
2020-01-03,79.13999938964844
2020-01-06,78.99600219726562
2020-01-07,79.55400085449219
2020-01-08,79.9280014038086
2020-01-09,80.61399841308594
2020-01-10,80.56800079345703
2020-01-13,80.4739990234375
2020-01-14,80.81999969482422
2020-01-15,80.85800170898438
2020-01-16,81.2300033569336
2020-01-17,81.93199920654297
2020-01-20,82.04000091552734
2020-01-21,82.02999877929688
2020-01-22,82.28199768066406
2020-01-23,82.052001953125
2020-01-24,82.31199645996094
2020-01-27,80.64199829101562
2020-01-28,81.51399993896484
2020-01-29,81.7959976196289
2020-01-30,80.9260025024414
2020-01-31,80.08799743652344
2020-02-03,80.56199645996094
2020-02-04,82.13800048828125
2020-02-05,82.7699966430664
2020-02-06,83.46399688720703
2020-02-07,83.552001953125
2020-02-10,83.87999725341797
2020-02-11,84.4739990234375
2020-02-12,84.96800231933594
2020-02-13,85.48999786376953
2020-02-14,85.5459976196289
2020-02-17,85.86199951171875
2020-02-18,85.31600189208984
2020-02-19,86.30400085449219
2020-02-20,85.22599792480469
2020-02-21,84.68599700927734
2020-02-24,82.00199890136719
2020-02-25,80.55400085449219
2020-02-26,79.93599700927734
2020-02-27,76.33000183105469
2020-02-28,72.80400085449219
2020-03-02,74.25599670410156
2020-03-03,74.83200073242188
2020-03-04,75.4739990234375
2020-03-05,75.34400177001953
2020-03-06,71.68800354003906
2020-03-09,66.94000244140625
2020-03-10,66.9540023803711
2020-03-11,67.51399993896484
2020-03-12,62.08399963378906
2020-03-13,63.09600067138672
2020-03-16,62.263999938964844
2020-03-17,62.071998596191406
2020-03-18,59.62200164794922
2020-03-19,61.08000183105469
2020-03-20,60.779998779296875
2020-03-23,56.86800003051758
2020-03-24,61.683998107910156
2020-03-25,63.465999603271484
2020-03-26,64.48799896240234
2020-03-27,63.07600021362305
2020-03-30,64.60399627685547
2020-03-31,65.73999786376953
2020-04-01,62.73400115966797
2020-04-02,63.30799865722656
2020-04-03,63.20800018310547
2020-04-06,66.02400207519531
2020-04-07,68.58799743652344
2020-04-08,68.56600189208984
2020-04-09,70.02799987792969
2020-04-14,70.61000061035156
2020-04-15,69.70800018310547
2020-04-16,70.90399932861328
2020-04-17,71.65799713134766
2020-04-20,72.40599822998047
2020-04-21,69.13200378417969
2020-04-22,70.78399658203125
2020-04-23,71.86399841308594
2020-04-24,71.24800109863281
2020-04-27,72.95999908447266
2020-04-28,73.13600158691406
2020-04-29,74.34200286865234
2020-04-30,73.24600219726562
2020-05-04,71.08399963378906
2020-05-05,73.44000244140625
2020-05-06,73.12200164794922
2020-05-07,73.9000015258789
2020-05-08,74.23999786376953
2020-05-11,74.59600067138672
2020-05-12,74.4020004272461
2020-05-13,72.31600189208984
2020-05-14,71.81199645996094
2020-05-15,72.27999877929688
2020-05-18,75.05400085449219
2020-05-19,74.7959976196289
2020-05-20,74.91200256347656
2020-05-21,74.37000274658203
2020-05-22,74.59600067138672
2020-05-25,76.00399780273438
2020-05-26,75.77400207519531
2020-05-27,75.33000183105469
2020-05-28,76.40599822998047
2020-05-29,74.98400115966797
2020-06-02,75.80999755859375
2020-06-03,76.87799835205078
2020-06-04,76.21800231933594
2020-06-05,78.447998046875
2020-06-08,78.55799865722656
2020-06-09,78.11399841308594
2020-06-10,77.73799896240234
2020-06-11,74.97000122070312
2020-06-12,74.7959976196289
2020-06-15,74.20999908447266
2020-06-16,76.9739990234375
2020-06-17,77.27200317382812
2020-06-18,76.96800231933594
2020-06-19,77.69000244140625
2020-06-22,76.51000213623047
2020-06-23,77.20800018310547
2020-06-24,75.22599792480469
2020-06-25,75.30000305175781
2020-06-26,75.0719985961914
2020-06-29,75.03399658203125
2020-06-30,75.9540023803711
2020-07-01,76.6500015258789
2020-07-02,77.74199676513672
2020-07-03,77.27999877929688
2020-07-06,78.29399871826172
2020-07-07,78.3239974975586
2020-07-08,77.37200164794922
2020-07-09,77.1719970703125
2020-07-10,77.90399932861328
2020-07-13,79.35199737548828
2020-07-14,77.37200164794922
2020-07-15,78.53399658203125
2020-07-16,78.0719985961914
2020-07-17,78.43599700927734
2020-07-20,78.84400177001953
2020-07-21,79.4260025024414
2020-07-22,78.55400085449219
2020-07-23,78.71399688720703
2020-07-24,77.03600311279297
2020-07-27,76.25800323486328
2020-07-28,76.98799896240234
2020-07-29,76.85800170898438
2020-07-30,76.51799774169922
2020-07-31,76.49800109863281
2020-08-03,78.36000061035156
2020-08-04,78.28199768066406
2020-08-05,78.04199981689453
2020-08-06,78.27799987792969
2020-08-07,79.18000030517578
2020-08-10,79.31800079345703
2020-08-11,79.79399871826172
2020-08-12,79.78199768066406
2020-08-13,79.68599700927734
2020-08-14,79.552001953125
2020-08-17,79.55400085449219
2020-08-18,79.32599639892578
2020-08-19,79.7699966430664
2020-08-20,79.64199829101562
2020-08-21,80.4000015258789
2020-08-24,80.947998046875
2020-08-25,81.10800170898438
2020-08-26,81.7979965209961
2020-08-27,82.79000091552734
2020-08-28,82.08399963378906
2020-08-31,81.93800354003906
2020-09-01,82.3759994506836
2020-09-02,83.83399963378906
2020-09-03,82.03800201416016
2020-09-04,79.89199829101562
2020-09-07,81.1500015258789
2020-09-08,79.40599822998047
2020-09-09,80.29000091552734
2020-09-10,80.07599639892578
2020-09-11,79.04199981689453
2020-09-14,79.93599700927734
2020-09-15,80.697998046875
2020-09-16,80.86000061035156
2020-09-17,79.55599975585938
2020-09-18,78.71600341796875
2020-09-21,77.25
2020-09-22,78.55999755859375
2020-09-23,79.11000061035156
2020-09-24,78.0999984741211
2020-09-25,78.86599731445312
2020-09-28,80.60800170898438
2020-09-29,79.87000274658203
2020-09-30,80.66999816894531
2020-10-01,80.85600280761719
2020-10-02,80.46199798583984
2020-10-05,80.86399841308594
2020-10-06,81.14199829101562
2020-10-07,81.33000183105469
2020-10-08,82.08200073242188
2020-10-09,82.50599670410156
2020-10-12,83.96800231933594
2020-10-13,84.45999908447266
2020-10-14,83.96399688720703
2020-10-15,83.2979965209961
2020-10-16,84.05400085449219
2020-10-19,83.01799774169922
2020-10-20,81.91999816894531
2020-10-21,81.66200256347656
2020-10-22,81.63800048828125
2020-10-23,81.90799713134766
2020-10-26,80.56600189208984
2020-10-27,80.75599670410156
2020-10-28,79.02999877929688
2020-10-29,79.72000122070312
2020-10-30,78.76200103759766
2020-11-02,79.96199798583984
2020-11-03,81.10199737548828
2020-11-04,83.33200073242188
2020-11-05,83.74800109863281
2020-11-06,83.19599914550781
2020-11-09,85.8740005493164
2020-11-10,83.99400329589844
2020-11-11,85.26200103759766
2020-11-12,84.6719970703125
2020-11-13,84.5999984741211
2020-11-16,85.9280014038086
2020-11-17,85.5479965209961
2020-11-18,85.71199798583984
2020-11-19,84.77400207519531
2020-11-20,85.12799835205078
2020-11-23,84.94000244140625
2020-11-24,86.19599914550781
2020-11-25,85.99199676513672
2020-11-26,86.12200164794922
2020-11-27,85.98400115966797
2020-11-30,85.4020004272461
2020-12-01,86.19599914550781
2020-12-02,85.54199981689453
2020-12-03,85.5719985961914
2020-12-04,86.06600189208984
2020-12-07,86.22000122070312
2020-12-08,86.5780029296875
2020-12-09,86.63999938964844
2020-12-10,85.9540023803711
2020-12-11,85.3219985961914
2020-12-14,85.90799713134766
2020-12-15,85.63400268554688
2020-12-16,86.302001953125
2020-12-17,86.2020034790039
2020-12-18,86.05400085449219
2020-12-21,85.35600280761719
2020-12-22,86.21199798583984
2020-12-23,86.48400115966797
2020-12-28,86.90599822998047
2020-12-29,86.71600341796875
2020-12-30,86.50199890136719
2021-01-04,85.66999816894531
2021-01-05,85.79199981689453
2021-01-06,87.13200378417969
2021-01-07,88.0459976196289
2021-01-08,88.4280014038086
2021-01-11,89.12999725341797
2021-01-12,89.01000213623047
2021-01-13,89.19000244140625
2021-01-14,89.43800354003906
2021-01-15,88.8219985961914
2021-01-18,88.96600341796875
2021-01-19,88.86599731445312
2021-01-20,90.25199890136719
2021-01-21,90.30799865722656
2021-01-22,89.76399993896484
2021-01-25,89.75599670410156
2021-01-26,90.14199829101562
2021-01-27,88.98600006103516
2021-01-28,89.33799743652344
2021-01-29,87.47000122070312
2021-02-01,88.5459976196289
2021-02-02,90.84400177001953
2021-02-03,90.72000122070312
2021-02-04,91.76799774169922
2021-02-05,92.08999633789062
2021-02-08,92.30400085449219
2021-02-09,92.23400115966797
2021-02-10,91.82599639892578
2021-02-11,92.28800201416016
2021-02-12,92.48200225830078
2021-02-15,93.13600158691406
2021-02-16,92.81999969482422
2021-02-17,92.51399993896484
2021-02-18,92.11000061035156
2021-02-19,92.44200134277344
2021-02-22,91.22599792480469
2021-02-23,90.31600189208984
2021-02-24,91.5
2021-02-25,90.44599914550781
2021-02-26,90.25399780273438
2021-03-01,91.97000122070312
2021-03-02,91.38800048828125
2021-03-03,90.94000244140625
2021-03-04,90.11399841308594
2021-03-05,88.93800354003906
2021-03-08,92.26000213623047
2021-03-09,92.58599853515625
2021-03-10,92.8759994506836
2021-03-11,93.6760025024414
2021-03-12,93.0459976196289
2021-03-15,93.7040023803711
2021-03-16,94.69599914550781
2021-03-17,93.91799926757812
2021-03-18,94.04399871826172
2021-03-19,93.36399841308594
2021-03-22,93.69599914550781
2021-03-23,94.16200256347656
2021-03-24,94.10399627685547
2021-03-25,93.52799987792969
2021-03-26,94.45600128173828
2021-03-29,94.95800018310547
2021-03-30,95.49199676513672
2021-03-31,96.0739974975586
2021-04-01,96.4219970703125
2021-04-06,97.5999984741211
2021-04-07,97.02799987792969
2021-04-08,97.45999908447266
2021-04-09,97.8239974975586
2021-04-12,98.01799774169922
2021-04-13,98.23200225830078
2021-04-14,98.2040023803711
2021-04-15,98.69999694824219
2021-04-16,98.88400268554688
2021-04-19,98.0780029296875
2021-04-20,97.04199981689453
2021-04-21,97.88400268554688
2021-04-22,98.61399841308594
2021-04-23,98.19200134277344
2021-04-26,98.48999786376953
2021-04-27,98.38200378417969
2021-04-28,98.31999969482422
2021-04-29,98.14199829101562
2021-04-30,98.59600067138672
2021-05-03,98.63200378417969
2021-05-04,97.50800323486328
2021-05-05,98.56800079345703
2021-05-06,97.84400177001953
2021-05-07,98.50199890136719
2021-05-10,98.13400268554688
2021-05-11,96.3219985961914
2021-05-12,95.78199768066406
2021-05-13,96.1240005493164
2021-05-14,96.91200256347656
2021-05-17,96.47799682617188
2021-05-18,96.302001953125
2021-05-19,94.46800231933594
2021-05-20,96.36199951171875
2021-05-21,96.86000061035156
2021-05-25,96.93800354003906
2021-05-26,97.30000305175781
2021-05-27,97.6520004272461
2021-05-28,97.89199829101562
2021-05-31,97.197998046875
2021-06-01,97.33399963378906
2021-06-02,97.74400329589844
2021-06-03,97.99600219726562
2021-06-04,98.2239990234375
2021-06-07,98.01000213623047
2021-06-08,98.0979995727539
2021-06-09,98.39800262451172
2021-06-10,98.72599792480469
2021-06-11,99.4020004272461
2021-06-14,99.25399780273438
2021-06-15,99.25399780273438
2021-06-16,99.46399688720703
2021-06-17,100.80000305175781
2021-06-18,100.20500183105469
2021-06-21,100.6449966430664
2021-06-22,101.33499908447266
2021-06-23,101.16000366210938
2021-06-24,101.80500030517578
2021-06-25,101.97000122070312
2021-06-28,102.15499877929688
2021-06-29,102.74500274658203
2021-06-30,103.20999908447266
2021-07-01,103.43000030517578
2021-07-02,104.16500091552734
2021-07-05,104.45999908447266
2021-07-06,104.2750015258789
2021-07-07,104.9800033569336
2021-07-08,103.62999725341797
2021-07-09,104.72000122070312
2021-07-12,105.00499725341797
2021-07-13,105.7300033569336
2021-07-14,105.15499877929688
2021-07-15,105.05000305175781
2021-07-16,104.68499755859375
2021-07-19,102.86499786376953
2021-07-20,104.45999908447266
2021-07-21,104.99500274658203
2021-07-22,105.5
2021-07-23,106.77999877929688
2021-07-26,106.66000366210938
2021-07-27,105.51000213623047
2021-07-28,106.30999755859375
2021-07-29,106.12999725341797
2021-07-30,105.6500015258789
2021-08-02,105.86000061035156
2021-08-03,105.56500244140625
2021-08-04,106.08000183105469
2021-08-05,106.49500274658203
2021-08-06,107.38999938964844
2021-08-09,107.5199966430664
2021-08-10,107.90499877929688
2021-08-11,107.73500061035156
2021-08-12,108.01499938964844
2021-08-13,107.80999755859375
2021-08-16,107.56500244140625
2021-08-17,108.125
2021-08-18,108.05500030517578
2021-08-19,107.13500213623047
2021-08-20,108.1050033569336
2021-08-23,108.80500030517578
2021-08-24,108.86499786376953
2021-08-25,109.01000213623047
2021-08-26,108.57499694824219
2021-08-27,108.93000030517578
2021-08-30,109.63500213623047
2021-08-31,109.42500305175781
2021-09-01,109.04499816894531
2021-09-02,109.22000122070312
2021-09-03,108.91000366210938
2021-09-06,109.3550033569336
2021-09-07,108.8499984741211
2021-09-08,108.68000030517578
2021-09-09,108.93000030517578
2021-09-10,108.16000366210938
2021-09-13,107.70500183105469
2021-09-14,107.58000183105469
2021-09-15,107.46499633789062
2021-09-16,107.99500274658203
2021-09-17,107.91000366210938
2021-09-20,105.95999908447266
2021-09-21,106.63500213623047
2021-09-22,107.1050033569336
2021-09-23,108.23500061035156
2021-09-24,108.18499755859375
2021-09-27,108.41000366210938
2021-09-28,106.37000274658203
2021-09-29,107.16500091552734
2021-09-30,106.98999786376953
2021-10-01,106.33999633789062
2021-10-04,104.94000244140625
2021-10-05,106.9800033569336
2021-10-06,106.38999938964844
2021-10-07,108.99500274658203
2021-10-08,108.33499908447266
2021-10-11,108.6050033569336
2021-10-12,107.68000030517578
2021-10-13,107.04499816894531
2021-10-14,109.02999877929688
2021-10-15,109.96499633789062
2021-10-18,110.1500015258789
2021-10-19,110.77999877929688
2021-10-20,111.18000030517578
2021-10-21,111.13500213623047
2021-10-22,111.27999877929688
2021-10-25,112.06500244140625
2021-10-26,112.98999786376953
2021-10-27,112.48500061035156
2021-10-28,112.04000091552734
2021-10-29,113.37999725341797
2021-11-01,113.40499877929688
2021-11-02,114.01499938964844
2021-11-03,113.8949966430664
2021-11-04,115.36000061035156
2021-11-05,116.03500366210938
2021-11-08,115.7300033569336
2021-11-09,115.32499694824219
2021-11-10,115.83000183105469
2021-11-11,115.8550033569336
2021-11-12,116.58999633789062
2021-11-15,117.09500122070312
2021-11-16,118.46499633789062
2021-11-17,118.36000061035156
2021-11-18,117.95500183105469
2021-11-19,118.66000366210938
2021-11-22,119.55000305175781
2021-11-23,117.80999755859375
2021-11-24,119.16999816894531
2021-11-25,119.45999908447266
2021-11-26,115.68499755859375
2021-11-29,117.34500122070312
2021-11-30,115.78500366210938
2021-12-01,116.61499786376953
2021-12-02,114.2750015258789
2021-12-03,113.94499969482422
2021-12-06,115.18000030517578
2021-12-07,118.42500305175781
2021-12-08,117.38999938964844
2021-12-09,118.06999969482422
2021-12-10,117.30500030517578
2021-12-13,117.38999938964844
2021-12-14,116.125
2021-12-15,116.05000305175781
2021-12-16,117.78500366210938
2021-12-17,116.72000122070312
2021-12-20,113.80000305175781
2021-12-21,115.94999694824219
2021-12-22,117.30500030517578
2021-12-23,118.625
2021-12-27,119.41000366210938
2021-12-28,120.0250015258789
2021-12-29,119.5250015258789
2021-12-30,119.98500061035156
2022-01-03,119.58499908447266
2022-01-04,120.05500030517578
2022-01-05,119.41500091552734
2022-01-06,117.4749984741211
2022-01-07,116.53500366210938
2022-01-10,114.80000305175781
2022-01-11,116.5
2022-01-12,116.84500122070312
2022-01-13,116.29499816894531
2022-01-14,114.41000366210938
2022-01-17,115.43000030517578
2022-01-18,114.08999633789062
2022-01-19,113.42500305175781
2022-01-20,114.4000015258789
2022-01-21,111.42500305175781
2022-01-24,106.61000061035156
2022-01-25,107.79000091552734
2022-01-26,110.47000122070312
2022-01-27,111.50499725341797
2022-01-28,110.0250015258789
2022-01-31,112.28500366210938
2022-02-01,113.3550033569336
2022-02-02,113.6500015258789
2022-02-03,111.5
2022-02-04,110.29000091552734
2022-02-07,110.94000244140625
2022-02-08,111.44499969482422
2022-02-09,112.95999908447266
2022-02-10,112.19000244140625
2022-02-11,111.19499969482422
2022-02-14,110.29499816894531
2022-02-15,111.08000183105469
2022-02-16,110.43499755859375
2022-02-17,109.91000366210938
2022-02-18,108.49500274658203
2022-02-21,107.30000305175781
2022-02-22,107.4749984741211
2022-02-23,106.75499725341797
2022-02-24,105.875
2022-02-25,109.33499908447266
2022-02-28,110.3949966430664
2022-03-01,110.11000061035156
2022-03-02,111.26499938964844
2022-03-03,111.40499877929688
2022-03-04,110.79499816894531
2022-03-07,110.46499633789062
2022-03-08,107.86000061035156
2022-03-09,108.72000122070312
2022-03-10,107.83000183105469
2022-03-11,109.34500122070312
2022-03-14,107.51499938964844
2022-03-15,108.97000122070312
2022-03-16,110.82499694824219
2022-03-17,111.04000091552734
2022-03-18,113.08999633789062
2022-03-21,113.7699966430664
2022-03-22,115.40499877929688
2022-03-23,115.16500091552734
2022-03-24,115.19000244140625
2022-03-25,116.00499725341797
2022-03-28,116.57499694824219
2022-03-29,117.29000091552734
2022-03-30,116.79499816894531
2022-03-31,116.81999969482422
2022-04-01,115.90499877929688
2022-04-04,117.44999694824219
2022-04-05,117.93000030517578
2022-04-06,115.54000091552734
2022-04-07,115.50499725341797
2022-04-08,116.86499786376953
2022-04-11,114.95999908447266
2022-04-12,115.7750015258789
2022-04-13,115.16500091552734
2022-04-14,115.83999633789062
2022-04-19,116.36499786376953
2022-04-20,116.26000213623047
2022-04-21,116.19000244140625
2022-04-22,113.30999755859375
2022-04-25,111.23500061035156
2022-04-26,111.34500122070312
2022-04-27,112.625
2022-04-28,112.94000244140625
2022-04-29,112.95500183105469
2022-05-02,110.55500030517578
2022-05-03,111.91000366210938
2022-05-04,110.6050033569336
2022-05-05,111.26499938964844
2022-05-06,109.45500183105469
2022-05-09,106.87999725341797
2022-05-10,105.7249984741211
2022-05-11,106.875
2022-05-12,105.83999633789062
2022-05-13,108.53500366210938
2022-05-16,107.73999786376953
2022-05-17,108.26000213623047
2022-05-18,106.54499816894531
2022-05-19,103.91500091552734
2022-05-20,103.16999816894531
2022-05-23,104.34500122070312
2022-05-24,101.58000183105469
2022-05-25,103.8550033569336
2022-05-26,105.83000183105469
2022-05-27,108.20500183105469
2022-05-30,109.06999969482422
2022-05-31,107.8550033569336
2022-06-01,107.86000061035156
2022-06-02,107.90499877929688
2022-06-03,107.80999755859375
2022-06-06,108.79000091552734
2022-06-07,108.38500213623047
2022-06-08,108.92500305175781
2022-06-09,107.98500061035156
2022-06-10,104.30000305175781
2022-06-13,101.75
2022-06-14,101.00499725341797
2022-06-15,101.80500030517578
2022-06-16,98.23200225830078
2022-06-17,98.62200164794922
2022-06-20,99.0719985961914
2022-06-21,100.36000061035156
2022-06-22,100.55500030517578
2022-06-23,100.90499877929688
2022-06-24,103.56999969482422
2022-06-27,103.9800033569336
2022-06-28,103.51499938964844
2022-06-29,102.71499633789062
2022-06-30,101.51499938964844
2022-07-01,102.33499908447266
2022-07-04,102.84500122070312
2022-07-05,103.11000061035156
2022-07-06,105.6050033569336
2022-07-07,107.68499755859375
2022-07-08,108.29499816894531
2022-07-11,107.80999755859375
2022-07-12,107.92500305175781
2022-07-13,106.02999877929688
2022-07-14,105.26499938964844
2022-07-15,107.51000213623047
2022-07-18,107.88999938964844
2022-07-19,107.5199966430664
2022-07-20,109.44999694824219
2022-07-21,109.73999786376953
2022-07-22,109.50499725341797
2022-07-25,109.45999908447266
2022-07-26,109.11000061035156
2022-07-27,110.4000015258789
2022-07-28,112.05999755859375
2022-07-29,113.11000061035156
2022-08-01,113.31999969482422
2022-08-02,113.58999633789062
2022-08-03,115.11499786376953
2022-08-04,114.44499969482422
2022-08-05,114.4749984741211
2022-08-08,115.25
2022-08-09,113.93000030517578
2022-08-10,114.83000183105469
2022-08-11,115.74500274658203
2022-08-12,117.05999755859375
2022-08-15,118.5199966430664
2022-08-16,119.4749984741211
2022-08-17,118.42500305175781
2022-08-18,119.43000030517578
2022-08-19,118.76000213623047
2022-08-22,118.08499908447266
2022-08-23,116.9749984741211
2022-08-24,117.45999908447266
2022-08-25,117.97000122070312
2022-08-26,116.30500030517578
2022-08-29,114.01000213623047
2022-08-30,112.6500015258789
2022-08-31,111.69499969482422
2022-09-01,111.3949966430664
2022-09-02,112.99500274658203
2022-09-05,112.01000213623047
2022-09-06,111.93000030517578
2022-09-07,111.86499786376953
2022-09-08,113.69000244140625
2022-09-09,114.28500366210938
2022-09-12,114.78500366210938
2022-09-13,112.62000274658203
2022-09-14,111.73500061035156
2022-09-15,110.98500061035156
2022-09-16,108.68000030517578
2022-09-19,109.1050033569336
2022-09-20,109.2750015258789
2022-09-21,110.8550033569336
2022-09-22,108.02999877929688
2022-09-23,107.1500015258789
2022-09-26,107.9000015258789
2022-09-27,107.70500183105469
2022-09-28,107.99500274658203
2022-09-29,105.16999816894531
2022-09-30,105.63500213623047
2022-10-03,105.16999816894531
2022-10-04,107.3499984741211
2022-10-05,107.25499725341797
2022-10-06,108.63500213623047
2022-10-07,106.08999633789062
2022-10-10,105.41999816894531
2022-10-11,104.66999816894531
2022-10-12,104.59500122070312
2022-10-13,104.63999938964844
2022-10-14,105.0
2022-10-17,105.83000183105469
2022-10-18,106.21499633789062
2022-10-19,106.72000122070312
2022-10-20,106.96499633789062
2022-10-21,106.48999786376953
2022-10-24,107.94999694824219
2022-10-25,108.91000366210938
2022-10-26,108.87999725341797
2022-10-27,108.47000122070312
2022-10-28,109.66000366210938
2022-10-31,110.71499633789062
2022-11-01,110.41999816894531
2022-11-02,109.50499725341797
2022-11-03,108.16000366210938
2022-11-04,106.08499908447266
2022-11-07,106.86000061035156
2022-11-08,107.96499633789062
2022-11-09,106.50499725341797
2022-11-10,108.9000015258789
2022-11-11,108.33000183105469
2022-11-14,109.0
2022-11-15,109.53500366210938
2022-11-16,107.875
2022-11-17,107.25499725341797
2022-11-18,108.05000305175781
2022-11-21,108.6449966430664
2022-11-22,109.19000244140625
2022-11-23,109.58000183105469
2022-11-24,109.55999755859375
2022-11-25,109.37999725341797
2022-11-28,108.50499725341797
2022-11-29,107.625
2022-11-30,108.30500030517578
2022-12-01,109.66000366210938
2022-12-02,109.01499938964844
2022-12-05,108.06999969482422
2022-12-06,106.2750015258789
2022-12-07,105.70500183105469
2022-12-08,105.94499969482422
2022-12-09,106.31999969482422
2022-12-12,105.95999908447266
2022-12-13,107.59500122070312
2022-12-14,107.30000305175781
2022-12-15,103.43000030517578
2022-12-16,102.51499938964844
2022-12-19,101.83999633789062
2022-12-20,101.34500122070312
2022-12-21,103.3499984741211
2022-12-22,101.53500366210938
2022-12-23,101.77999877929688
2022-12-27,101.6500015258789
2022-12-28,101.05999755859375
2022-12-29,101.91000366210938
2022-12-30,101.15499877929688
2023-01-02,103.48999786376953
2023-01-03,101.98500061035156
2023-01-04,102.94000244140625
2023-01-05,102.28500366210938
2023-01-06,103.04499816894531
2023-01-09,103.69499969482422
2023-01-10,102.41500091552734
2023-01-11,103.51499938964844
2023-01-12,103.69499969482422
2023-01-13,103.8949966430664
2023-01-16,104.43499755859375
2023-01-17,104.61499786376953
2023-01-18,103.63500213623047
2023-01-19,101.91000366210938
2023-01-20,102.73500061035156
2023-01-23,104.80999755859375
2023-01-24,104.49500274658203
2023-01-25,103.31500244140625
2023-01-26,104.98500061035156
2023-01-27,106.125
2023-01-30,105.52999877929688
2023-01-31,105.55500030517578
2023-02-01,105.50499725341797
2023-02-02,108.76000213623047
2023-02-03,109.51499938964844
2023-02-06,108.94499969482422
2023-02-07,109.12000274658203
2023-02-08,108.93000030517578
2023-02-09,108.81500244140625
2023-02-10,108.28500366210938
2023-02-13,109.08499908447266
2023-02-14,108.50499725341797
2023-02-15,109.80000305175781
2023-02-16,109.62999725341797
2023-02-17,107.91500091552734
2023-02-20,108.08499908447266
2023-02-21,106.83499908447266
2023-02-22,106.86499786376953
2023-02-23,106.80000305175781
2023-02-24,106.48500061035156
2023-02-27,106.94499969482422
2023-02-28,106.58999633789062
2023-03-01,105.2699966430664
2023-03-02,105.62999725341797
2023-03-03,107.6449966430664
2023-03-06,108.32499694824219
2023-03-07,107.68000030517578
2023-03-08,107.21499633789062
2023-03-09,107.29499816894531
2023-03-10,104.68000030517578
2023-03-13,102.33000183105469
2023-03-14,103.91000366210938
2023-03-15,103.68499755859375
2023-03-16,105.07499694824219
2023-03-17,104.37999725341797
2023-03-20,104.16000366210938
2023-03-21,105.00499725341797
2023-03-22,105.11499786376953
2023-03-23,103.9800033569336
2023-03-24,103.97000122070312
2023-03-27,104.76000213623047
2023-03-28,103.9800033569336
2023-03-29,105.0199966430664
2023-03-30,105.44999694824219
2023-03-31,106.76499938964844
2023-04-03,107.07499694824219
2023-04-04,106.32499694824219
2023-04-05,106.125
2023-04-06,106.12999725341797
2023-04-11,106.84500122070312
2023-04-12,106.17500305175781
2023-04-13,105.77999877929688
2023-04-14,106.68000030517578
2023-04-17,107.33499908447266
2023-04-18,107.4749984741211
2023-04-19,107.32499694824219
2023-04-20,106.88500213623047
2023-04-21,106.69000244140625
2023-04-24,106.16500091552734
2023-04-25,106.01499938964844
2023-04-26,104.80500030517578
2023-04-27,105.46499633789062
2023-04-28,106.61000061035156
2023-05-02,105.67500305175781
2023-05-03,105.69499969482422
2023-05-04,104.63500213623047
2023-05-05,106.08000183105469
2023-05-08,106.375
2023-05-09,106.91500091552734
2023-05-10,106.9800033569336
2023-05-11,107.36499786376953
2023-05-12,107.61499786376953
2023-05-15,107.83999633789062
2023-05-16,107.76499938964844
2023-05-17,108.26499938964844
2023-05-18,110.20999908447266
2023-05-19,109.9800033569336
2023-05-22,110.50499725341797
2023-05-23,110.38999938964844
2023-05-24,108.74500274658203
2023-05-25,109.6449966430664
2023-05-26,111.36499786376953
2023-05-29,111.95999908447266
2023-05-30,111.61000061035156
2023-05-31,111.19000244140625
2023-06-01,111.48999786376953
2023-06-02,113.50499725341797
2023-06-05,114.06999969482422
2023-06-06,113.95999908447266
2023-06-07,113.9000015258789
2023-06-08,113.16000366210938
2023-06-09,113.91500091552734
2023-06-12,114.18499755859375
2023-06-13,115.28500366210938
2023-06-14,115.19499969482422
2023-06-15,114.84500122070312
2023-06-16,115.29499816894531
2023-06-19,114.78500366210938
2023-06-20,114.37000274658203
2023-06-21,113.66500091552734
2023-06-22,113.54000091552734
2023-06-23,113.78500366210938
2023-06-26,113.40499877929688
2023-06-27,113.25499725341797
2023-06-28,114.41500091552734
2023-06-29,114.98999786376953
2023-06-30,115.95500183105469
2023-07-03,116.29499816894531
2023-07-04,116.51000213623047
2023-07-05,116.6449966430664
2023-07-06,115.06999969482422
2023-07-07,114.88999938964844
2023-07-10,114.33499908447266
2023-07-11,114.73500061035156
2023-07-12,114.95999908447266
2023-07-13,114.625
2023-07-14,114.80500030517578
2023-07-17,114.88999938964844
2023-07-18,115.47000122070312
2023-07-19,116.72000122070312
2023-07-20,116.7249984741211
2023-07-21,116.9000015258789
2023-07-24,117.31999969482422
2023-07-25,118.01000213623047
2023-07-26,117.53500366210938
2023-07-27,119.2699966430664
2023-07-28,118.79499816894531
2023-07-31,118.83499908447266
2023-08-01,119.22000122070312
2023-08-02,118.1500015258789
2023-08-03,117.54000091552734
2023-08-04,117.16000366210938
2023-08-07,116.7300033569336
2023-08-08,116.48999786376953
2023-08-09,116.26000213623047
2023-08-10,116.66500091552734
2023-08-11,116.0250015258789
2023-08-14,117.05999755859375
2023-08-15,116.45999908447266
2023-08-16,116.2699966430664
2023-08-17,115.45500183105469
2023-08-18,114.46499633789062
2023-08-21,114.58000183105469
2023-08-22,115.83000183105469
2023-08-23,116.44499969482422
2023-08-24,116.1449966430664
2023-08-25,116.23500061035156
2023-08-28,116.87000274658203
2023-08-29,118.0
2023-08-30,118.04000091552734
2023-08-31,119.21499633789062
2023-09-01,119.62999725341797
2023-09-04,119.63999938964844
2023-09-05,120.3499984741211
2023-09-06,119.16500091552734
2023-09-07,119.0250015258789
2023-09-08,119.43499755859375
2023-09-11,119.2249984741211
2023-09-12,119.34500122070312
2023-09-13,119.33999633789062
2023-09-14,120.61000061035156
2023-09-15,119.66999816894531
2023-09-18,119.41999816894531
2023-09-19,118.54000091552734
2023-09-20,118.86499786376953
2023-09-21,116.94999694824219
2023-09-22,116.88999938964844
2023-09-25,116.93000030517578
2023-09-26,115.91999816894531
2023-09-27,116.28500366210938
2023-09-28,116.55500030517578
2023-09-29,116.78500366210938
2023-10-02,117.08499908447266
2023-10-03,115.66000366210938
2023-10-04,115.49500274658203
2023-10-05,115.16500091552734
2023-10-06,115.83999633789062
2023-10-09,116.87999725341797
2023-10-10,118.3550033569336
2023-10-11,117.6500015258789
2023-10-12,118.80000305175781
2023-10-13,118.2699966430664
2023-10-16,118.875
2023-10-17,118.5999984741211
2023-10-18,118.09500122070312
2023-10-19,116.73500061035156
2023-10-20,114.44499969482422
2023-10-23,114.01499938964844
2023-10-24,114.66999816894531
2023-10-25,113.90499877929688
2023-10-26,112.95500183105469
2023-10-27,111.91999816894531
2023-10-30,111.8949966430664
2023-10-31,112.95500183105469
2023-11-01,114.3550033569336
2023-11-02,115.96499633789062
2023-11-03,116.5250015258789
2023-11-06,116.26499938964844
2023-11-07,117.51499938964844
2023-11-08,117.08000183105469
2023-11-09,117.30999755859375
2023-11-10,117.41500091552734
2023-11-13,118.19999694824219
2023-11-14,118.88500213623047
2023-11-15,119.25499725341797
2023-11-16,118.63999938964844
2023-11-17,118.80500030517578
2023-11-20,118.88999938964844
2023-11-21,118.91500091552734
2023-11-22,120.2249984741211
2023-11-23,120.05500030517578
2023-11-24,119.68000030517578
2023-11-27,119.6449966430664
2023-11-28,119.29000091552734
2023-11-29,119.47000122070312
2023-11-30,119.83499908447266
2023-12-01,121.11499786376953
2023-12-04,121.11499786376953
2023-12-05,121.11499786376953
2023-12-06,121.11499786376953
2023-12-07,122.08000183105469
2023-12-08,122.83999633789062
2023-12-11,123.2750015258789
2023-12-12,123.48999786376953
2023-12-13,124.06500244140625
2023-12-14,123.61000061035156
2023-12-15,124.73999786376953
2023-12-18,124.99500274658203
2023-12-19,124.9800033569336
2023-12-20,125.47000122070312
2023-12-21,124.1449966430664
2023-12-22,124.54499816894531
2023-12-27,123.8949966430664
2023-12-28,124.55999755859375
2023-12-29,124.80999755859375
2024-01-02,124.7300033569336
2024-01-03,124.31999969482422
2024-01-04,124.00499725341797
2024-01-05,123.58999633789062
2024-01-08,123.91000366210938
2024-01-09,125.23500061035156
2024-01-10,125.25499725341797
2024-01-11,124.83499908447266
2024-01-12,125.52999877929688
2024-01-15,125.73500061035156
2024-01-16,126.25
2024-01-17,125.83999633789062
2024-01-18,126.2750015258789
2024-01-19,126.99500274658203
2024-01-22,128.55999755859375
2024-01-23,128.88999938964844
2024-01-24,129.36500549316406
2024-01-25,130.0850067138672
2024-01-26,129.9149932861328
2024-01-29,130.4550018310547
2024-01-30,130.9499969482422
2024-01-31,129.6699981689453
2024-02-01,129.125
2024-02-02,132.0800018310547
2024-02-05,132.35000610351562
2024-02-06,132.5449981689453
2024-02-07,133.38999938964844
2024-02-08,133.6199951171875
2024-02-09,133.89500427246094
2024-02-12,135.0399932861328
2024-02-13,133.64500427246094
2024-02-14,133.77000427246094
2024-02-15,134.28500366210938
2024-02-16,134.64999389648438
2024-02-19,134.1999969482422
2024-02-20,132.55499267578125
2024-02-21,132.42999267578125
2024-02-22,135.1199951171875
2024-02-23,135.61000061035156
2024-02-26,135.10000610351562
2024-02-27,134.72999572753906
2024-02-28,135.07000732421875
2024-02-29,135.4600067138672
2024-03-01,136.2449951171875
2024-03-04,136.35499572753906
2024-03-05,135.05499267578125
2024-03-06,135.4499969482422
2024-03-07,135.85000610351562
2024-03-08,135.93499755859375
2024-03-11,135.11000061035156
2024-03-12,136.27999877929688
2024-03-13,136.3300018310547
2024-03-14,136.53500366210938
2024-03-15,135.4600067138672
2024-03-18,136.9550018310547
2024-03-19,137.14999389648438
2024-03-20,137.55999755859375
2024-03-21,139.7550048828125
2024-03-22,139.63999938964844
2024-03-25,139.2100067138672
2024-03-26,139.46499633789062
2024-03-27,139.31500244140625
2024-03-28,140.36000061035156
2024-04-02,139.21499633789062
2024-04-03,139.31500244140625
2024-04-04,139.42999267578125
2024-04-05,138.5
2024-04-08,138.5800018310547
2024-04-09,137.72500610351562
2024-04-10,138.63999938964844
2024-04-11,139.06500244140625
2024-04-12,139.84500122070312
2024-04-15,139.36000061035156
2024-04-16,137.31500244140625
2024-04-17,136.36000061035156
2024-04-18,136.63499450683594
2024-04-19,135.02499389648438
2024-04-22,134.97000122070312
2024-04-23,136.5749969482422
2024-04-24,136.7050018310547
2024-04-25,134.90499877929688
2024-04-26,137.73500061035156
2024-04-29,137.60000610351562
2024-04-30,137.30499267578125
2024-05-02,135.8249969482422
2024-05-03,137.19500732421875
2024-05-06,138.2550048828125
2024-05-07,139.22000122070312
2024-05-08,139.2899932861328
2024-05-09,139.5399932861328
2024-05-10,139.8699951171875
2024-05-13,139.69500732421875
2024-05-14,139.5500030517578
2024-05-15,140.61000061035156
2024-05-16,141.42999267578125
2024-05-17,140.8249969482422
2024-05-20,141.67999267578125
2024-05-21,141.40499877929688
2024-05-22,141.77999877929688
2024-05-23,141.9149932861328
2024-05-24,141.2100067138672
2024-05-27,141.33999633789062
2024-05-28,140.9600067138672
2024-05-29,140.86000061035156
2024-05-30,139.86000061035156
2024-05-31,138.60000610351562
2024-06-03,139.77000427246094
2024-06-04,139.52000427246094
2024-06-05,141.4949951171875
2024-06-06,141.9550018310547
2024-06-07,142.90499877929688
2024-06-10,143.7449951171875
2024-06-11,143.9499969482422
2024-06-12,144.7100067138672
2024-06-13,145.35499572753906
2024-06-14,146.22500610351562
2024-06-17,146.41000366210938
2024-06-18,147.21499633789062
2024-06-19,147.46499633789062
2024-06-20,147.96499633789062
2024-06-21,147.56500244140625
2024-06-24,147.44500732421875
2024-06-25,147.25999450683594
2024-06-26,147.60499572753906
2024-06-27,147.5399932861328
2024-06-28,148.22999572753906
2024-07-01,147.14999389648438
2024-07-02,147.51499938964844
2024-07-03,147.64999389648438
2024-07-04,147.77499389648438
2024-07-05,148.05999755859375
2024-07-08,148.52999877929688
2024-07-09,149.08999633789062
2024-07-10,149.27999877929688
2024-07-11,148.6750030517578
2024-07-12,149.24000549316406
2024-07-15,149.75999450683594
2024-07-16,150.0399932861328
2024-07-17,148.1699981689453
2024-07-18,147.10499572753906
2024-07-19,146.32000732421875
2024-07-22,146.92999267578125
2024-07-23,148.7050018310547
2024-07-24,145.5850067138672
2024-07-25,145.09500122070312
2024-07-26,145.06500244140625
2024-07-29,145.5449981689453
2024-07-30,145.4250030517578
2024-07-31,147.65499877929688
2024-08-01,146.69000244140625
2024-08-02,140.74000549316406
2024-08-05,137.5449981689453
2024-08-06,138.8800048828125
2024-08-07,140.48500061035156
2024-08-08,140.30499267578125
2024-08-09,140.93499755859375
2024-08-12,141.27499389648438
2024-08-13,142.64999389648438
2024-08-14,142.9949951171875
2024-08-15,145.56500244140625
2024-08-16,145.7550048828125
2024-08-19,145.86500549316406
2024-08-20,145.7899932861328
2024-08-21,145.76499938964844
2024-08-22,145.98500061035156
2024-08-23,145.60499572753906
2024-08-26,145.61500549316406
2024-08-27,145.59500122070312
2024-08-28,145.42999267578125
2024-08-29,147.22000122070312
2024-08-30,146.51499938964844
2024-09-02,147.72000122070312
2024-09-03,146.1649932861328
2024-09-04,144.35499572753906
2024-09-05,143.40499877929688
2024-09-06,141.42999267578125
2024-09-09,143.05999755859375
2024-09-10,143.8350067138672
2024-09-11,142.85000610351562
2024-09-12,145.85499572753906
2024-09-13,147.0500030517578
2024-09-16,146.21499633789062
2024-09-17,147.42999267578125
2024-09-18,146.7050018310547
2024-09-19,148.61000061035156
2024-09-20,147.8300018310547
2024-09-23,148.8800048828125
2024-09-24,148.7449951171875
2024-09-25,148.90499877929688
2024-09-26,148.65499877929688
2024-09-27,149.25
2024-09-30,149.03500366210938
2024-10-01,149.4250030517578
2024-10-02,150.0449981689453
2024-10-03,150.02999877929688
2024-10-04,150.94000244140625
2024-10-07,151.55999755859375
2024-10-08,151.75
2024-10-09,153.125
2024-10-10,153.5850067138672
2024-10-11,154.06500244140625
2024-10-14,155.4949951171875
2024-10-15,155.52999877929688
2024-10-16,155.3800048828125
2024-10-17,156.9199981689453
2024-10-18,156.60000610351562
2024-10-21,156.2050018310547
2024-10-22,156.73500061035156
2024-10-23,156.3300018310547
2024-10-24,155.9949951171875
2024-10-25,156.72500610351562
2024-10-28,156.3800048828125
2024-10-29,156.68499755859375
2024-10-30,156.13499450683594
2024-10-31,153.25999450683594
2024-11-01,154.14500427246094
2024-11-04,152.65499877929688
2024-11-05,153.52999877929688
2024-11-06,159.93499755859375
2024-11-07,160.7449951171875
2024-11-08,162.56500244140625
2024-11-11,164.3350067138672
2024-11-12,164.40499877929688
2024-11-13,165.2449951171875
2024-11-14,164.65499877929688
2024-11-15,162.18499755859375
2024-11-18,162.7100067138672
2024-11-19,162.63999938964844
2024-11-20,162.8249969482422
2024-11-21,165.24000549316406
2024-11-22,167.13499450683594
2024-11-25,166.7100067138672
2024-11-26,167.375
2024-11-27,165.63499450683594
2024-11-28,166.35499572753906
2024-11-29,166.83999633789062
2024-12-02,168.2050018310547
2024-12-03,167.77000427246094
2024-12-04,168.5050048828125
2024-12-05,168.2050018310547
2024-12-06,168.3699951171875
2024-12-09,167.5399932861328
2024-12-10,168.27000427246094
2024-12-11,169.25999450683594
2024-12-12,169.0
2024-12-13,168.34500122070312
2024-12-16,168.91000366210938
2024-12-17,168.4499969482422
2024-12-18,168.94500732421875
2024-12-19,166.16000366210938
2024-12-20,166.77999877929688
2024-12-23,166.34500122070312
2024-12-27,166.9149932861328
2024-12-30,165.14999389648438
2025-01-02,168.00999450683594
2025-01-03,168.00999450683594
2025-01-06,168.9250030517578
2025-01-07,167.22999572753906
2025-01-08,167.35499572753906
2025-01-09,167.4949951171875
2025-01-10,165.89999389648438
2025-01-13,165.77499389648438
2025-01-14,165.47500610351562
2025-01-15,168.34500122070312
2025-01-16,168.7100067138672
2025-01-17,170.3699951171875
2025-01-20,169.25
2025-01-21,169.22999572753906
2025-01-22,171.03500366210938
2025-01-23,171.1699981689453
2025-01-24,170.1649932861328
2025-01-27,166.56500244140625
2025-01-28,169.13999938964844
2025-01-29,169.63499450683594
2025-01-30,169.60000610351562
2025-01-31,171.93499755859375
2025-02-03,170.2550048828125
2025-02-04,170.14500427246094
2025-02-05,169.3249969482422
2025-02-06,171.2550048828125
2025-02-07,170.97999572753906
2025-02-10,171.93499755859375
2025-02-11,171.41000366210938
2025-02-12,170.0749969482422
2025-02-13,170.60000610351562
2025-02-14,170.3300018310547
2025-02-17,171.02999877929688
2025-02-18,171.125
2025-02-19,172.1699981689453
2025-02-20,170.0399932861328
2025-02-21,170.1199951171875
2025-02-24,167.75999450683594
2025-02-25,164.47000122070312
2025-02-26,166.7550048828125
2025-02-27,167.21499633789062
2025-02-28,165.22999572753906
2025-03-03,165.2050018310547
2025-03-04,159.36000061035156
2025-03-05,155.97000122070312
2025-03-06,156.1649932861328
2025-03-07,152.82000732421875
2025-03-10,151.9199981689453
2025-03-11,148.77000427246094
2025-03-12,150.15499877929688
2025-03-13,148.7550048828125
2025-03-14,150.58999633789062
2025-03-17,150.83999633789062
2025-03-18,149.89500427246094
2025-03-19,151.75999450683594
2025-03-20,152.57000732421875
2025-03-21,152.19000244140625
2025-03-24,155.77499389648438
2025-03-25,155.8699951171875
2025-03-26,155.13999938964844
2025-03-27,154.39999389648438
2025-03-28,150.6199951171875
2025-03-31,149.9600067138672
2025-04-01,151.86000061035156
2025-04-02,151.99000549316406
2025-04-03,143.52499389648438
2025-04-04,137.27999877929688
2025-04-07,133.7100067138672
2025-04-08,138.4499969482422
2025-04-09,131.39500427246094
2025-04-10,136.6999969482422
2025-04-11,134.96499633789062
2025-04-14,138.82000732421875
2025-04-15,139.9949951171875
2025-04-16,137.75
2025-04-17,135.7550048828125
2025-04-22,133.9499969482422
2025-04-23,138.57000732421875
2025-04-24,140.1199951171875
2025-04-25,140.8000030517578
2025-04-28,140.96499633789062
2025-04-29,141.82000732421875
2025-04-30,142.11500549316406
2025-05-02,146.1750030517578
2025-05-05,146.16000366210938
2025-05-06,145.1750030517578
2025-05-07,144.47000122070312
2025-05-08,147.56500244140625
2025-05-09,147.19500732421875
2025-05-12,153.01499938964844
2025-05-13,154.4250030517578
2025-05-14,154.11500549316406
2025-05-15,154.5500030517578
2025-05-16,155.7550048828125
2025-05-19,154.60499572753906
2025-05-20,154.74000549316406
2025-05-21,153.14500427246094
2025-05-22,151.85499572753906
2025-05-23,149.86000061035156
2025-05-26,151.1199951171875
2025-05-27,152.52000427246094
2025-05-28,153.125
2025-05-29,152.22999572753906
2025-05-30,152.1999969482422
2025-06-02,151.1999969482422
2025-06-03,153.64999389648438
2025-06-04,153.63499450683594
2025-06-05,153.64999389648438
2025-06-06,154.1699981689453
2025-06-09,154.19000244140625
2025-06-10,154.23500061035156
2025-06-11,154.47500610351562
2025-06-12,152.81500244140625
2025-06-13,152.38499450683594
2025-06-16,152.8800048828125
2025-06-17,152.88499450683594
2025-06-18,152.84500122070312
2025-06-19,151.55999755859375
2025-06-20,152.27999877929688
2025-06-23,152.09500122070312
2025-06-24,153.50999450683594
2025-06-25,153.69500732421875
2025-06-26,153.61000061035156
2025-06-27,154.72000122070312
2025-06-30,154.55499267578125
2025-07-01,154.28500366210938
2025-07-02,154.72999572753906
2025-07-03,156.6199951171875
2025-07-04,155.4600067138672
2025-07-07,156.0449981689453
2025-07-08,156.02999877929688
2025-07-09,156.46499633789062
2025-07-10,157.72000122070312
2025-07-11,156.9149932861328
2025-07-14,157.13999938964844
2025-07-15,158.49000549316406
2025-07-16,155.7050018310547
2025-07-17,159.2449951171875
2025-07-18,158.64999389648438
2025-07-21,158.81500244140625
2025-07-22,157.52999877929688
2025-07-23,158.4499969482422
2025-07-24,158.88499450683594
2025-07-25,159.60000610351562
2025-07-28,161.49000549316406
2025-07-29,162.26499938964844
2025-07-30,163.1649932861328
2025-07-31,164.06500244140625
2025-08-01,158.49000549316406
2025-08-04,160.2449951171875
2025-08-05,159.63499450683594
2025-08-06,160.0449981689453
2025-08-07,160.0749969482422
2025-08-08,160.52499389648438
2025-08-11,161.75999450683594
2025-08-12,161.56500244140625
2025-08-13,161.63499450683594
2025-08-14,162.6199951171875
2025-08-15,161.77499389648438
2025-08-18,162.06500244140625
2025-08-19,161.8350067138672
2025-08-20,160.5850067138672
2025-08-21,161.48500061035156
2025-08-22,162.3699951171875
2025-08-25,162.5050048828125
2025-08-26,162.3249969482422
2025-08-27,163.9600067138672
2025-08-28,163.3300018310547
2025-08-29,162.10000610351562
2025-09-01,162.5050048828125
2025-09-02,160.60000610351562
2025-09-03,162.01499938964844
2025-09-04,163.36000061035156
2025-09-05,161.90499877929688
2025-09-08,162.81500244140625
2025-09-09,162.98500061035156
2025-09-10,164.00999450683594
2025-09-11,165.09500122070312
2025-09-12,165.32000732421875
2025-09-15,165.36000061035156
2025-09-16,164.09500122070312
2025-09-17,163.88999938964844
2025-09-18,166.08999633789062
2025-09-19,166.35499572753906
2025-09-22,166.88499450683594
2025-09-23,166.97000122070312
2025-09-24,166.69500732421875
2025-09-25,166.7050018310547
2025-09-26,166.61000061035156
2025-09-29,167.08999633789062
2025-09-30,166.73500061035156
2025-10-01,167.85499572753906
2025-10-02,168.52000427246094
2025-10-03,168.9499969482422
2025-10-06,169.34500122070312
2025-10-07,169.1649932861328
2025-10-08,170.9600067138672
2025-10-09,171.22999572753906
2025-10-10,167.81500244140625
2025-10-13,169.22500610351562
2025-10-14,168.2949981689453
2025-10-15,169.125
2025-10-16,168.65499877929688
2025-10-17,166.58999633789062
2025-10-20,169.85499572753906
2025-10-21,170.8800048828125
2025-10-22,169.75
2025-10-23,170.4499969482422
2025-10-27,173.47999572753906
2025-10-28,173.7449951171875
2025-10-29,174.34500122070312
2025-10-30,174.56500244140625
2025-10-31,174.60000610351562
2025-11-03,174.86000061035156
2025-11-04,174.21499633789062
2025-11-05,174.42999267578125
2025-11-06,171.36500549316406
2025-11-07,168.85000610351562
2025-11-10,172.53500366210938
2025-11-11,172.9550018310547
2025-11-12,173.76499938964844
2025-11-13,171.11000061035156
2025-11-14,171.09500122070312
2025-11-17,170.48500061035156
2025-11-18,168.51499938964844
2025-11-19,168.97000122070312
2025-11-20,170.28500366210938
2025-11-21,168.22500610351562
2025-11-24,170.72999572753906
2025-11-25,170.9199981689453
2025-11-26,172.9499969482422
2025-11-27,172.78500366210938
2025-11-28,173.43499755859375
2025-12-01,172.7550048828125
2025-12-02,172.85000610351562
2025-12-03,172.7050018310547
2025-12-04,172.9499969482422
2025-12-05,173.8300018310547
2025-12-08,173.39500427246094
2025-12-09,173.60499572753906
2025-12-10,173.10499572753906
2025-12-11,171.93499755859375
2025-12-12,170.8699951171875
2025-12-15,170.73500061035156
2025-12-16,169.625
2025-12-17,168.85000610351562
2025-12-18,170.7449951171875
2025-12-19,171.48500061035156
2025-12-22,172.06500244140625
2025-12-23,172.3249969482422
2025-12-29,172.7050018310547
2025-12-30,172.7550048828125
2026-01-02,171.61500549316406
2026-01-05,173.6699981689453
2026-01-06,174.18499755859375
2026-01-07,175.125
2026-01-08,174.69500732421875
2026-01-09,175.89999389648438
2026-01-12,175.61000061035156
2026-01-13,176.0850067138672
2026-01-14,174.39500427246094
2026-01-15,176.76499938964844
2026-01-16,176.4499969482422
2026-01-19,173.5850067138672
2026-01-20,172.19500732421875
2026-01-21,172.33999633789062
2026-01-22,173.4600067138672
2026-01-23,173.0850067138672
2026-01-26,172.125
2026-01-27,171.6300048828125
2026-01-28,172.14999389648438
2026-01-29,170.30499267578125
2026-01-30,171.69500732421875
2026-02-02,173.6699981689453
2026-02-03,172.42999267578125
2026-02-04,171.59500122070312
2026-02-05,170.0050048828125
2026-02-06,171.52999877929688
2026-02-09,172.05999755859375
2026-02-10,172.08999633789062
2026-02-11,171.7949981689453
2026-02-12,169.97999572753906
2026-02-13,169.6649932861328
2026-02-16,169.3699951171875
2026-02-17,169.80999755859375
2026-02-18,171.6750030517578
2026-02-19,171.48500061035156
2026-02-20,171.97999572753906
2026-02-23,170.23500061035156
2026-02-24,171.2899932861328
2026-02-25,172.53500366210938
2026-02-26,171.90499877929688
2026-02-27,170.85499572753906
2026-03-02,172.5800018310547
2026-03-03,171.80999755859375
2026-03-04,173.4949951171875
2026-03-05,173.19500732421875
2026-03-09,170.44500732421875
2026-03-10,172.28500366210938
2026-03-11,172.0500030517578
2026-03-12,171.15499877929688
2026-03-13,171.05999755859375
2026-03-16,171.2949981689453
2026-03-17,171.51499938964844
2026-03-18,170.47000122070312
2026-03-19,168.0449981689453
2026-03-20,166.80999755859375
2026-03-23,167.1649932861328
2026-03-24,166.97000122070312
2026-03-25,168.11000061035156
2026-03-26,166.47000122070312
2026-03-27,163.86000061035156
2026-03-30,164.5050048828125
2026-03-31,164.4250030517578
2026-04-01,167.28500366210938
2026-04-02,167.66000366210938
2026-04-07,166.8350067138672
2026-04-08,170.35000610351562
2026-04-09,170.97999572753906
2026-04-10,171.375
2026-04-13,171.44500732421875
2026-04-14,173.47999572753906
2026-04-15,174.6199951171875
2026-04-16,176.0449981689453
2026-04-17,177.94500732421875
2026-04-20,177.5500030517578
2026-04-21,177.8699951171875
2026-04-22,179.11000061035156
2026-04-23,179.875
2026-04-24,179.75
2026-04-27,179.51499938964844
2026-04-28,179.02999877929688
2026-04-29,179.50999450683594
2026-04-30,179.92999267578125
2026-05-04,181.1300048828125
2026-05-05,182.5
2026-05-06,184.05999755859375
2026-05-07,184.39500427246094
